-0.78367,0.23132,-1.48966,-0.27133,0.93485,1.43303,0.164,-1.19756,0.42617,0.32831,-0.36784,-1.88564,-0.31594,-0.1554,2.21401,1.60426,0.96136,0.71582,1.01491,0.39619,1.15411,-0.36458,1.08883,1.42262,-0.48703,1.73269,0.52771,-0.63891,-1.05478,-1.84653,-0.7613,-0.31852,-0.99111,-0.10279,-0.51852,0.07754,1.34181,1.46052,1.06439,0.22794,0.67548,0.3552,-1.06223,-1.70358,-1.28776,-0.22331,0.40338,-0.72429,0.68324,-0.56037,1.05687,-0.40655,0.14484,-2.05994,0.7913,-1.85318,-0.85555,0.71547,-0.32492,1.80733,0.64359,-0.14608,0.38367,-2.39236,1.61571,0.21718,-1.27242,1.25015,0.30002,0.64021,0.25606,-0.22218,-1.51039,-0.04042,0.96792,0.55983,0.55285,0.46535,1.45531,0.49636,-0.23887,1.14519,-0.32736,1.76422,0.58298,0.48239,-1.57774,-1.41922,0.1389,-1.04402,0.5451
-0.09482,-0.32559,-0.31973,0.37844,-1.52873,-0.29656,-1.30236,-0.19295,0.13905,-0.31974,0.16607,-2.37075,1.16504,-1.15754,-1.78819,-0.77739,-0.85918,-2.67877,-1.98023,-1.40087,-1.02037,0.66237,0.77002,0.14544,0.51308,2.08888,-1.96,-0.88647,-0.44844,0.56242,-0.18937,-0.557,0.81264,0.33111,-1.74069,0.93432,0.64624,-1.11915,-1.29734,-0.11305,-0.6413,0.19338,-0.15405,-0.22039,1.37685,-2.07838,0.04203,0.88954,-0.55752,-0.44853,-0.07338,0.89591,2.77114,1.14335,0.58064,1.98747,-2.54613,-1.14891,-0.80625,0.20868,-0.77679,-0.62008,-0.187,-1.75701,0.44234,1.89091,-1.41346,1.21506,0.83595,-0.57922,-0.51359,-0.45061,-2.63553,-0.23894,-0.96925,1.01121,-0.29001,1.01907,-0.45964,0.58269,-0.77669,-0.35106,-2.02804,-0.36683,-1.52922,-0.7625,-0.24213,1.39514,-0.23906,-0.37515,1.13247
-1.49782,-1.03441,1.15581,-1.27689,-1.13294,-0.81533,-1.82506,0.33167,-2.17029,-2.66692,-1.0952,-1.12717,-0.29878,1.6745,0.73447,-1.86737,-1.36809,-1.28632,-0.54577,-0.76787,-2.49293,1.46992,-0.31773,1.37301,1.14545,-0.0526,1.2462,-0.73685,1.22015,-0.68675,-0.50394,-0.4394,-0.45034,-1.59173,-1.37554,0.0857,0.13294,-0.79182,-0.55516,-0.64417,-1.70193,1.34144,-0.77656,1.60646,-0.46616,-1.20965,-1.40068,-0.40165,0.61906,-1.14074,-0.43458,-1.87503,0.66953,-0.59923,0.90643,1.40461,-0.86716,-0.12268,1.64153,-1.58251,-2.35859,-1.18269,-1.31049,-1.77514,0.40053,0.52654,-1.35288,-0.65565,-0.70259,-1.76128,0.44337,-0.83131,0.95512,-0.28032,0.99517,-0.98615,-2.13423,-0.74817,0.55773,-0.69217,2.01279,-0.0996,-0.65862,-1.65164,2.04942,-0.26396,-1.56516,1.20249,-0.04429,-0.09767,-0.65313
-0.62465,0.23238,-0.54091,0.11719,-0.52261,-0.11709,-2.1468,-0.77847,-1.43782,-0.20381,-1.71228,-0.10458,-0.14377,0.94472,-1.89919,-0.45463,-1.71504,-1.43394,-0.91915,-1.24266,-1.96763,2.23022,0.0258,3.13812,0.60896,1.69508,-0.39085,-0.02433,-0.88241,-2.05016,-2.0219,0.01205,-0.52019,-0.47386,-0.08886,-0.04416,0.00936,0.07008,0.36836,-0.89818,-1.48803,0.43275,-0.67822,1.31861,-0.82046,-1.14358,-1.71403,-0.38102,2.72953,0.17967,-1.41949,0.91632,2.37968,1.40636,-0.31467,-0.02339,0.03352,-1.83879,-0.82008,-0.29367,0.23265,1.53747,-0.39907,-2.08562,-0.34139,-1.69957,-0.74373,-0.03687,1.82759,-0.07994,-1.05742,-1.16392,-0.6728,0.52495,0.61094,0.0349,0.29189,-0.034,0.46366,0.8241,-0.13745,0.45474,-1.11897,-1.89157,0.29379,-0.68853,-0.97376,-0.21386,-0.93131,0.27025,0.23322
1.65296,1.32617,0.38401,2.32246,-0.10969,0.04905,1.96357,1.43067,2.13962,0.99581,0.22832,1.54851,2.2203,-0.60654,1.20582,0.59928,0.54367,0.89522,0.33618,1.43013,2.20985,-1.95905,-1.37953,-1.32852,-1.24486,-1.17883,1.64535,0.677,0.59756,-0.0957,0.23674,0.22967,-0.85426,-0.85162,-0.95067,1.10926,0.69485,0.12194,-1.89698,0.6195,0.26418,-0.41662,-0.25463,1.13268,-0.4118,-1.11225,-0.05421,0.61639,-0.20543,-0.50183,1.10161,0.8068,-1.93464,-2.68017,-1.91788,0.40105,1.67177,-0.22439,2.18987,-0.11133,1.51165,-0.39696,-0.1125,-0.84725,1.84402,-0.15497,0.18525,1.45532,-0.56109,-0.93869,-1.63214,-0.72878,-0.8308,0.61691,-0.31086,-0.51653,-1.1802,-1.29408,0.13285,-1.12523,-0.35211,1.8551,0.57394,0.56643,-0.9394,-2.09867,2.532,0.19135,-1.98159,0.55593,-1.36143
-0.92812,-0.09444,0.09495,1.64931,-0.83061,-0.4362,-1.3048,-0.46084,-0.20525,0.47836,0.06889,-1.18577,0.37029,-1.43343,-0.2937,-0.99952,-1.09634,-0.54273,-0.68684,0.6381,0.28019,0.40686,1.3581,0.56814,2.23674,1.72219,0.54347,-0.84702,1.08567,-0.65512,0.91042,-999,-999,-999,-999,-999,-999,-999,-999,-999,-999,-999,-999,-999,-999,-999,-999,-999,-999,-999,-999,-999,-999,-999,-999,-999,-999,-999,-999,-999,-999,-0.23714,-0.60297,-0.63439,1.76228,0.06929,1.24746,-0.12257,1.2314,-0.263,-0.02358,0.04028,0.70037,-0.24975,0.6524,-0.91345,-0.78822,-1.28967,1.32486,0.16149,0.22863,0.99704,-0.41139,0.34087,-1.05403,-0.54074,0.00466,0.24756,0.97453,1.14585,-0.58633
1.02212,0.08638,1.38999,0.21758,-0.30718,-0.28858,1.18872,1.0813,1.60794,0.20608,-0.50105,0.27361,1.10599,1.60032,-0.00255,-0.59616,2.04457,0.74369,-1.35487,0.80491,-0.26209,-0.30751,1.39387,0.57749,0.95013,0.21377,-0.90912,-0.00885,0.58386,-0.70537,-0.30658,0.88051,-0.99223,0.52646,0.48608,0.63456,-0.94805,-0.39226,-0.34349,1.55204,-0.37243,2.60666,0.49615,-0.76331,2.06961,0.78842,-1.87857,0.88658,2.162,1.50459,1.01912,-0.64725,1.41592,0.4664,0.24886,1.10696,-0.11568,-0.75435,0.68932,-0.30833,-0.44255,0.73403,1.50954,0.29679,1.25715,2.69231,0.87052,1.66742,-0.22904,2.03554,-0.70223,-0.66798,1.98944,-0.2719,-0.03771,1.62691,2.18974,1.38463,0.79451,2.55859,-0.36452,1.02471,-0.77618,-0.18645,1.17051,-1.48262,0.10593,0.78247,0.05195,0.728,0.26782
1.16448,0.90802,2.1198,-0.04692,0.45307,0.20462,0.83404,-0.23,1.93732,-0.85722,0.50284,1.04191,-0.80963,0.21375,-1.20016,0.53045,0.01446,2.31324,0.54764,1.22655,3.15566,-0.07877,-1.62633,0.03817,0.07268,0.39595,1.46362,0.82308,0.63416,0.4381,-0.84981,-999,-999,-999,-999,-999,-999,-999,-999,-999,-999,-999,-999,-999,-999,-999,-999,-999,-999,-999,-999,-999,-999,-999,-999,-999,-999,-999,-999,-999,-999,0.51329,0.68515,0.7369,0.54004,-0.6249,-0.34058,-1.07224,0.76272,0.19045,1.02359,-0.50644,-1.19209,-0.28889,1.7331,0.17612,0.40513,0.25664,0.62273,-0.39623,0.56808,1.49502,0.80117,-0.08761,0.52121,-0.06702,0.47081,0.05946,3.21077,-1.19092,-0.30429
-0.07895,0.03882,0.01953,0.77257,0.40099,1.17335,1.51033,1.28878,-0.4399,-1.28304,-0.09767,-0.50748,-0.21996,0.46723,1.32731,0.14471,-0.11802,-0.72556,0.43115,-0.44531,0.53139,-0.91823,-2.1561,-1.79461,-0.47656,-0.7838,0.60157,0.39653,-0.70854,0.79386,1.47644,-999,-999,-999,-999,-999,-999,-999,-999,-999,-999,-999,-999,-999,-999,-999,-999,-999,-999,-999,-999,-999,-999,-999,-999,-999,-999,-999,-999,-999,-999,1.97136,-0.35538,-0.06744,0.17996,-0.44419,-0.38413,0.10766,0.47315,0.91479,1.51004,-0.03824,-1.59515,0.63162,0.12505,0.82468,-1.93546,-0.7679,-0.42502,0.50864,-0.21369,-0.05837,-1.3332,-0.83978,0.31715,-0.87184,-0.06231,-0.85253,0.31854,1.01124,1.25568
-0.97291,0.13808,-0.91369,-0.99528,1.20484,0.54908,2.38699,0.44074,0.13342,-0.6677,-0.2433,-1.28464,-0.04854,2.2918,-0.50334,-2.01453,-0.51612,1.9966,-0.25517,0.48383,0.1806,-0.91067,-2.024,-2.21423,-1.84113,0.34718,-1.69649,-0.71938,0.74925,1.78597,0.09584,1.92217,0.02604,0.59437,-1.50054,-1.61377,-1.65046,-0.42792,-3.32808,-1.4453,-1.99131,-0.39519,0.07407,-1.62236,-0.44333,-2.02112,-1.07943,0.24203,0.64795,-0.63194,-1.16596,-0.31413,-0.46565,-1.65546,-1.48654,1.14597,0.76619,-0.95741,-1.346,0.37645,1.29892,-0.78321,-1.08523,-1.61535,-0.7742,-0.82741,-0.91731,-0.636,-2.40825,-0.85628,-0.87019,-0.17838,0.27018,0.30757,0.56225,-2.12343,-0.32165,-0.86364,-2.65824,-0.58856,-1.57102,0.92252,0.14238,-0.34218,-0.30084,0.76773,-0.44058,-0.08032,-0.4398,-1.38479,0.55851
-1.59706,-1.51076,-1.21992,0.1554,-2.15093,-0.78962,0.24215,-2.7467,-0.37773,-0.48339,-2.23906,-0.55887,-0.83386,-0.1347,-0.64799,-0.36655,-1.2494,-1.62926,-1.67127,0.23455,-2.82159,0.03181,0.79458,-0.8561,-0.57407,-1.46861,0.10892,0.70533,-3.23243,-0.72835,0.33213,-1.13677,-0.21169,-1.53857,-0.51389,0.12173,-2.30261,1.16441,0.56024,-2.00232,0.35909,-0.162,-0.49875,-1.40369,-1.06089,0.72344,-1.44191,-1.66648,-0.43522,-0.65793,1.08959,-0.36016,-0.32075,1.52477,-0.19689,-0.23905,-1.1197,0.09528,0.89199,-1.34643,-0.86671,-0.58176,-1.95739,-2.07544,-0.11618,0.13001,-1.92336,-1.21653,-0.67698,-1.23634,-0.99456,1.77605,0.0329,-0.16947,0.00346,-1.952,-1.42271,-1.46694,-0.2666,0.27564,-1.32824,0.74058,1.62465,-0.12757,0.21026,-0.40138,-1.78746,1.39715,-1.05647,0.5551,1.76908
1.4723,1.18271,-1.23835,-0.38119,0.0604,0.34229,0.02975,1.2331,-0.77674,1.05857,0.55242,1.78067,-0.22817,0.92964,1.99967,1.16024,0.60213,-0.24545,0.18788,1.20162,0.72595,0.58723,-1.99871,-0.82726,-0.33079,-1.26171,0.6525,-0.16199,0.96375,0.45253,-0.79856,0.0338,1.13292,1.23911,0.10572,-1.55382,1.31909,-1.18846,-0.44492,1.51263,-0.91595,0.03202,0.70873,-0.44783,-0.02609,0.20108,-0.61321,0.34001,-0.57172,0.35736,1.09192,-0.15076,-1.13837,-1.38497,-0.86295,-0.34933,-0.60861,-0.70657,0.61561,-0.05249,0.00779,-0.85539,-0.3657,-0.45946,-0.75203,-0.16322,0.58587,0.02414,0.1882,0.23209,-0.89354,-0.09,-1.00776,-0.20698,-2.27816,1.70387,1.10412,-0.39263,-0.58253,-0.96264,0.29637,-1.29012,-1.09294,-0.15996,2.17202,-1.11336,-0.30319,0.19354,-0.78786,-0.73097,0.43215
0.25275,0.13925,0.96345,1.36208,-0.04347,1.14923,2.60211,1.55907,1.04655,-0.22819,0.71742,0.17322,-2.591,0.00815,1.45982,0.08481,-0.42172,0.88496,1.00184,0.37059,0.22568,-0.32694,-0.01112,0.26631,-0.49227,-0.41973,-1.44505,0.68988,-0.47977,-1.25918,-1.53142,-0.75813,2.95437,0.12613,-0.65084,-0.34769,-1.7382,-0.62336,0.34815,-2.15932,-1.05628,1.53527,-1.45145,-0.88348,-1.04026,-2.33953,0.99028,0.17168,-1.65566,-0.26693,0.19472,-3.12088,-1.94177,-2.00478,-2.84338,-0.73664,-0.02934,0.91404,0.78633,1.50491,-0.28477,-2.73416,-2.66739,-1.90866,-1.3297,-2.04338,0.91447,-0.61359,-1.34269,-1.63135,-1.63708,-1.6598,0.4403,-0.43161,-1.52196,-1.11465,-0.91261,0.0636,-2.55354,-1.00076,-0.83775,-0.30457,0.30337,0.17246,0.06652,1.30292,-1.99479,-0.40537,0.05371,-0.58756,-0.20904
1.80662,0.07289,0.66928,-0.03447,0.17258,-0.30658,-0.59887,0.93584,-1.82024,-0.20828,-1.3617,1.18143,-1.01362,0.2022,1.04117,-2.20775,-0.41318,-0.12443,0.2163,0.64369,-0.61823,1.04895,-0.89912,-1.73214,-0.377,-1.25855,-0.14004,1.41702,-0.46661,-0.41178,0.27673,1.07507,0.87909,-2.18382,0.93578,1.07346,-1.0617,-0.83995,0.35113,1.03074,0.04167,-0.52269,-1.4579,0.16688,-0.27933,-0.05446,-0.72485,-0.18826,-0.48595,-1.30357,-0.02346,0.47691,-0.00232,-2.76258,-1.48983,-0.36567,0.91201,-2.27093,-0.9982,-0.14859,-0.58576,-1.02382,0.77886,-1.05526,-0.76872,0.05705,0.48017,0.82257,0.64415,-1.1113,-0.47206,-0.2148,-0.88483,1.52798,0.21493,-2.71735,-1.76946,0.15677,1.02296,-1.98947,0.01505,-0.95489,-0.61818,0.62241,0.46991,0.34241,2.73534,-1.33886,-1.80087,1.34299,-1.32374
-2.08886,-0.41924,-1.54262,-0.87597,0.3935,0.29778,0.44929,0.86418,0.15596,0.43439,0.34175,0.098,0.2068,-0.58731,0.77422,-1.87719,0.6225,0.14004,1.08343,1.13961,1.04166,-0.22126,0.33132,-0.80357,-0.01533,-0.62005,0.61167,-0.78526,-0.3141,-0.82256,-2.02453,-1.32534,-1.55044,1.46917,-0.93603,0.60021,-1.22958,-0.68051,-1.35163,0.33746,-0.96761,0.51317,-1.73344,-0.63358,0.97854,0.53877,-0.65573,1.04293,1.531,-0.31617,0.40944,-0.36756,0.40194,-0.20392,-0.67921,-0.11515,1.16685,0.45694,2.36132,1.55524,0.14124,0.8469,1.30808,0.40157,-0.3732,-0.53084,0.22637,-0.09039,1.35694,0.12905,-1.78094,1.33634,-0.46775,-0.0156,1.10582,0.96701,0.91351,1.1561,1.40657,1.23908,0.16919,0.61575,-1.36155,-0.5022,-0.46254,0.69138,0.80485,0.53709,0.44431,-0.51511,1.62885
1.12256,-0.47849,0.82626,1.82618,0.01714,-1.41163,1.43324,1.28578,1.2733,0.3272,-0.75507,2.33824,-1.36255,-0.78872,-1.73023,0.22039,-0.01796,-1.11016,-1.05054,-2.06312,-0.81481,2.38226,2.68356,0.00784,0.42703,-0.1338,0.70619,1.48168,1.30497,1.20999,0.12782,-1.66188,-1.16827,-1.86071,-0.42188,-0.47278,-0.93446,-1.38769,1.67638,-0.80046,0.11207,0.59404,-0.57214,1.33315,-1.83191,-1.31974,-1.35816,0.14353,0.58848,1.00757,-0.68694,-1.27058,0.66709,-0.80391,-0.15598,-0.75963,0.05303,-2.95386,-0.8467,-0.25821,-0.53256,-0.31097,1.47484,-0.17225,-1.01185,0.55915,-0.64393,1.39707,-0.55558,0.40793,-0.17303,-0.10989,0.10706,1.02801,-0.2344,0.3838,0.12954,-0.05882,-0.73361,-0.78551,0.41167,-0.31587,-0.63954,-0.17605,-0.11072,1.0561,-0.36068,-0.70594,0.02431,-0.08988,-0.06865
2.3867,1.37346,2.0174,-0.01697,0.68734,0.39786,0.99223,0.22317,1.41505,2.75015,0.68457,0.9448,0.16472,0.15636,0.97902,0.21495,1.10583,0.36374,0.16755,2.60509,1.92013,0.79596,1.06096,-0.07572,0.21015,-1.98411,0.42506,-0.42244,0.81811,-0.53577,-0.69552,-0.41487,0.0087,1.00589,0.58569,0.02386,0.4807,-0.73024,-0.00106,2.89987,-0.61788,-1.18613,2.24438,-0.36795,1.32285,0.63815,-0.03322,0.99148,0.75234,1.13095,-0.53287,-1.51356,0.06583,-1.29774,0.02333,-0.3116,0.34497,1.55519,1.05541,1.35398,0.34873,-1.18535,-1.23355,-1.48813,1.04875,0.126,0.18304,0.45423,-0.13322,-0.74522,0.42379,2.9419,-0.43631,1.74689,0.04445,2.46854,-0.38798,2.38145,1.98697,0.62173,-0.89322,0.04984,0.82457,-0.47594,-1.35106,0.48245,1.01465,-1.4432,0.5545,-0.70532,-0.03106
-2.82638,0.3804,-0.47811,0.13349,0.25174,-1.07211,0.14456,-2.45418,-0.02843,-0.27452,-0.02227,0.60642,-0.26922,0.48714,0.08781,0.50864,0.1506,0.58185,0.12716,-0.1856,0.18254,-1.39603,-1.65951,0.35654,0.48054,-0.48143,0.95914,0.9785,-2.11355,0.96023,-0.20594,0.38707,-2.66401,-0.70489,-0.35119,-0.077,-0.79714,-1.99845,-0.33851,0.1511,-2.24731,-2.85187,-1.30315,-0.5769,-1.08083,-0.5698,-1.87369,-0.7951,-0.85371,-0.90271,0.498,-0.9488,-0.68677,-1.47349,-0.83401,-0.85871,0.53711,-1.24794,1.43743,-0.02529,-0.30071,-0.51808,1.00152,-0.31335,0.14128,-0.28794,1.58964,-2.01914,1.10097,-0.46921,2.55013,-0.3394,-1.17529,-0.23977,-1.34053,-0.8322,0.33978,-0.78408,0.80022,0.98483,-1.95576,1.47374,1.21911,-0.45653,1.10952,1.64471,0.23843,-1.35501,0.14505,-0.69085,-1.63668
-0.05508,-0.92416,-0.11193,1.36623,0.45908,0.39453,-1.26672,-0.88255,-0.86379,-1.57876,0.01484,-0.59685,0.77065,-0.81491,-1.8059,0.04932,-0.02727,0.08334,-0.60524,-2.31729,0.50057,-0.07941,0.28754,1.47905,-0.84013,1.23299,-0.23916,0.04889,-0.197,1.649,-0.35956,1.26532,0.11146,-0.88128,-1.13307,-0.95092,0.81984,-0.72982,-1.16962,-1.9492,-1.99117,-0.47886,-1.44331,-1.25192,-0.80907,-1.39242,0.22659,-0.32082,0.07237,0.40844,-0.80036,1.51439,0.24635,-0.5145,2.26591,-0.21048,0.76698,-0.83104,0.38507,-0.87962,-0.18527,-1.59563,-0.44488,-0.04283,-0.71769,0.88502,-0.26762,-0.49638,-1.22719,-0.16666,-0.09992,2.20984,-0.28679,-0.17658,-0.5014,-0.2747,-1.33444,-1.19728,0.29578,-0.0765,-0.95996,0.66053,-0.21224,0.13109,-0.58932,0.47879,0.34579,-0.19434,0.257,1.20383,-0.55494
2.12986,0.77123,0.67004,-0.43136,1.47134,1.1491,-1.24261,0.60204,0.95286,-0.77107,2.1009,1.03121,0.24445,1.46161,-0.9684,0.94529,0.49614,2.28328,-0.43771,1.0432,0.42376,-0.21822,-0.03282,-0.62282,-0.26491,-1.06014,0.72221,1.32208,1.67211,-1.02832,0.67511,1.65498,-0.77886,1.62431,0.91336,-1.19671,0.84546,0.41668,0.36152,0.14471,-1.52683,-2.0465,-1.70168,0.61357,-0.96972,0.89767,0.06643,0.23043,1.14095,3.46282,1.32515,0.30829,0.34304,-1.56713,-0.27738,-0.36178,-0.18927,1.08225,0.85754,1.60781,1.23305,0.06513,2.09154,-1.53996,-0.25932,0.58695,0.93369,-0.40322,0.49008,-0.26446,-1.05671,-1.36875,-1.70578,2.348,1.74842,0.47544,0.23867,0.32073,0.22047,0.44212,0.08654,-0.62026,-1.49243,0.87385,-0.00437,-0.71996,0.03957,-0.3499,-0.63297,-1.18432,1.38675
1.93404,-1.23632,1.14654,0.36682,0.17809,0.22067,-0.65813,2.84312,-0.04368,-0.98807,1.5206,0.2231,-0.81159,-0.82859,-0.58004,0.2015,0.86154,-0.58617,0.89206,-0.78458,-0.08135,1.60937,-3.133,-2.29286,-0.01225,-1.96291,-0.75583,-1.46704,1.75721,-0.75189,-0.54198,0.3875,-0.93043,1.81355,0.85804,1.27477,1.25347,0.05828,-1.58454,2.25888,1.36359,2.05373,3.16509,2.43236,0.25585,0.45248,0.64261,-0.52478,0.73156,-0.15638,1.29927,-0.12483,-0.6551,0.04972,2.68767,-0.06202,-1.99145,0.92625,0.61579,0.65379,1.31165,0.93869,2.20729,-0.03995,1.21423,1.50873,-0.40876,0.04667,-0.57397,0.29341,1.85335,1.8751,1.12659,-0.22758,0.76865,-0.63444,0.56609,1.17317,0.4852,0.62875,-0.19789,-2.66225,-1.42422,-1.05474,-2.17879,-0.65451,0.49586,1.35742,1.74502,0.64755,0.88186
-1.84526,-0.08403,0.25409,-1.28587,0.02379,-1.66041,-1.92943,-0.32645,-1.43658,1.20836,-0.87865,-1.07385,-0.57453,-0.78645,-1.52105,-0.71208,-0.98223,-1.01757,-2.55408,-0.76964,-0.63175,0.41321,-1.67221,-0.96949,2.1214,-0.84578,-0.05985,0.77377,-0.94623,0.59962,-0.25169,-0.96598,-0.10428,-1.60396,-1.33112,-0.49408,0.3887,-2.37321,-0.90908,-1.24063,0.75868,-1.17449,-1.99068,-0.50601,-1.18942,-3.4557,-0.67481,-1.96997,-1.70886,-0.9222,-1.24407,-0.25522,-0.75214,0.43315,-0.78153,-2.01882,0.97868,0.21091,-0.72536,-0.1998,0.19125,-0.25286,-2.0935,-1.47885,-1.11508,1.71494,-0.15596,-1.36881,-0.13871,0.08867,-1.50394,-0.10437,0.55193,-1.9896,-1.87875,-1.2477,-1.34393,-1.42403,-0.63894,-0.75765,-1.14085,-0.50721,0.01794,-1.12452,1.15833,0.75134,-0.79592,0.78289,1.10433,0.00892,0.79711
1.02016,-0.93265,0.16043,1.74542,-0.08378,1.67785,0.17135,0.08491,-1.35518,-2.03093,-1.72418,-0.05494,-0.50065,-0.50821,-0.0933,-0.62465,-1.83539,-0.08197,1.75099,1.31951,0.35642,1.12398,0.83397,0.18465,-0.83969,-0.66421,0.6314,0.24716,-3.48274,-0.05492,1.36267,1.39694,0.5097,-1.30822,0.98257,-1.5714,1.14988,-0.83341,-0.24085,2.11908,-0.69959,1.21511,0.20867,-1.53756,0.06286,-2.49115,-1.2134,0.62884,-0.27385,0.76311,1.39625,1.67745,0.08251,-0.96163,0.2512,-1.10699,-1.04854,0.53014,0.07408,1.67922,-1.05892,-2.10969,-0.02988,0.25761,-0.36727,-0.86713,0.76385,1.09915,0.94762,-1.18398,-0.56811,0.32489,1.30115,-1.14978,1.46697,1.19058,-0.42264,-0.21523,-2.81355,-0.37718,1.09623,0.06772,-0.21184,-0.60523,0.71199,-0.94738,-0.72276,-0.17299,1.41804,-1.72032,0.75725
1.34245,-1.83699,0.37725,0.59974,2.76646,0.95177,1.16081,0.65342,0.31155,0.71624,1.55541,0.287,2.6064,0.35966,0.99931,1.72866,2.11502,2.23018,1.73823,0.64548,0.84323,-1.40795,-1.94116,0.15616,-1.07036,-0.85021,1.3409,3.17575,2.0436,0.306,-2.51075,0.87901,1.11472,0.84847,0.71164,-0.17765,1.93234,0.53957,1.86596,1.35626,-0.14021,1.81439,-0.43868,0.96114,1.48144,2.52359,-0.09924,0.17037,1.24101,2.10504,1.19761,-0.15314,1.28877,0.93201,-0.81493,-0.55105,-0.27395,0.98783,-0.78259,-0.22158,0.79815,0.0295,-0.39995,0.5465,3.93111,2.61302,0.02118,-0.05799,0.40286,1.98398,-1.03457,2.18973,1.62599,0.98703,0.1205,-0.21992,-0.38631,-0.23859,-0.08052,0.40185,0.20753,-1.25986,-1.15379,-1.12481,-1.25477,0.16301,0.28125,0.35473,0.04603,0.32716,0.53767
-0.53077,1.62454,-0.12787,1.10905,-1.94581,-0.86782,-1.01185,-0.21523,-1.73897,-2.06547,-1.23445,1.15309,-1.59063,-1.74942,-0.79187,-0.64458,-1.19163,1.30866,-0.08779,-3.0454,-0.39978,-0.3553,0.40175,0.14151,0.26885,0.21149,0.75924,-0.69561,-1.31722,0.26198,0.28368,-1.10887,-0.22548,-1.16871,-1.3243,0.10435,-0.36628,1.08668,0.80326,-1.33852,-2.36041,-0.45338,-1.24576,-1.53727,-0.75062,-1.53511,-1.61969,-1.92183,-0.73512,-1.28176,-0.68454,-1.11122,-0.29068,-0.96447,0.13585,1.01966,1.52554,-0.61312,-0.1662,-1.17065,-1.21267,-1.28608,-0.73152,-1.35012,-0.37771,0.88695,-0.20959,-1.93363,-1.03323,-0.59234,-1.11145,-0.7503,-0.67816,0.36482,-0.70475,-0.32632,-1.06,0.09263,-2.83121,-0.62705,-0.94663,-0.42137,1.19421,2.17761,1.31543,1.54848,-0.51812,-1.10816,0.83707,1.21233,-1.31146
-0.5024,-4.11121,-2.7866,-1.59208,0.30805,-2.03926,-2.39978,-2.48922,-2.32058,-0.18474,-1.29812,-1.3226,-0.01379,0.02226,-1.94887,-2.53924,-1.78617,-1.92192,-1.56427,1.03609,0.33206,1.12188,2.61075,2.39949,0.17478,0.90965,-1.22281,-1.34037,-2.10496,-1.25451,-1.34919,0.82298,-1.76477,-2.30788,-2.52351,-2.72259,-0.1277,-0.9807,-1.94035,-1.93306,-0.54185,1.45295,-0.52711,-0.74714,-1.94182,-0.62054,0.25243,-1.31302,-1.66445,-1.0782,-0.98496,1.61922,-0.69804,1.28391,0.4534,0.33034,-1.6408,-1.051,-0.44943,-1.57444,-1.08043,1.39001,0.86927,0.01777,-0.5117,0.68865,-0.55838,-1.56643,0.0735,-0.32551,0.64761,-0.27792,0.70596,-0.50299,-0.73105,1.84451,-0.29118,1.25921,-1.11904,0.28366,-0.20181,-0.492,1.13939,2.09183,-0.04847,-0.42654,-0.37847,-0.64383,-0.89914,0.01699,-0.84897
1.01665,-0.28443,0.58039,0.15772,0.36824,1.17877,0.94814,-0.28704,-1.99455,1.16551,-0.29414,-1.14599,-0.82252,0.42862,-0.62111,-0.05459,-1.86935,-1.30814,-0.55897,1.09849,-0.95654,-0.76959,-0.06421,0.976,0.91688,0.76403,-1.51035,-0.91883,-0.39293,0.22785,-0.40327,0.04693,0.68793,1.74465,0.72982,1.11357,1.13995,2.39079,1.54512,1.26909,-2.201,-1.7226,1.57151,0.68379,-0.72266,-0.30232,-1.22275,-0.17467,0.8086,-1.39354,-1.55819,0.66342,-0.40913,1.27731,-0.88003,-0.3591,-1.13867,0.70291,-0.98631,-0.00253,-1.35107,-0.2932,1.71993,0.35556,0.46644,-0.55003,1.01581,-0.37526,0.58456,0.28384,0.655,0.89913,-0.73714,2.11738,0.19412,2.01363,1.81311,0.38415,0.39567,-0.09673,-0.20655,1.11843,-0.2144,0.49797,0.24715,1.18488,1.50007,-0.85594,0.84477,0.06564,0.47349
1.29243,0.81927,0.68185,-0.50338,0.97357,3.56755,0.43256,1.67301,2.77702,1.2334,1.32783,1.32571,2.64638,1.32134,0.55222,1.75897,1.63028,-0.7556,0.62505,1.53634,1.2914,-0.19221,-2.53613,-1.6388,-1.14597,-0.80308,1.18408,3.91471,1.76106,0.90052,2.88153,-0.52679,-0.38787,1.8681,0.80691,1.49162,0.34136,1.2759,0.69596,-0.17393,1.51719,-1.55899,-0.80345,4.29432,0.80276,1.0047,2.99387,2.07282,1.90588,0.93111,3.2489,-0.25383,-2.37198,-0.91088,-1.50191,-1.20034,2.88878,2.62221,0.2332,1.97897,-1.37375,0.30787,-0.32432,1.50612,-0.33097,0.73483,-0.95438,0.46966,1.36604,0.68477,-1.08827,1.31901,1.63831,-1.47415,-0.09471,0.63578,0.33814,1.24843,0.67398,-0.0419,-0.64883,-0.83066,1.01421,-0.42597,-0.5146,-0.83017,-0.35756,0.5764,0.44086,1.02198,0.19618
0.21806,2.20348,-0.80067,-1.37955,-0.61807,-1.72278,1.49295,-0.86782,-0.31093,0.04409,1.08567,0.78989,0.78991,-1.1383,-0.47336,-0.91905,-0.27191,0.25463,-0.49703,0.86001,-1.57912,-0.62109,-1.89022,-1.1314,0.67365,-2.48511,-0.72858,-0.65227,1.47876,1.9912,-0.70128,-0.46632,2.16901,0.1088,0.56663,-0.04379,-0.17631,1.70063,1.62582,2.10694,0.20816,2.83617,-1.43137,-1.26229,0.42504,2.0977,2.02443,1.47899,1.0957,2.52867,-0.26765,-0.17179,0.60872,0.8682,-1.06703,0.77823,-0.43883,-0.16327,-0.05326,0.84853,-1.17191,0.34749,-0.70234,-2.49495,0.05839,-0.4548,-0.20195,0.09144,1.94603,1.0946,-0.19845,-0.98148,-1.62958,1.42413,0.15277,0.30963,1.73568,-0.55991,1.85371,-0.23961,0.75874,-2.5962,-2.1135,-1.66636,-0.66557,1.06867,-1.28126,0.77882,0.44602,1.4917,3.69019
0.63607,1.70468,-1.35708,-0.49662,1.08528,2.74582,1.08933,-0.11867,0.66861,2.30862,3.01088,-0.16634,0.113,1.01942,0.36518,0.5098,1.28856,2.67381,-0.41392,1.69604,0.22116,-0.30842,-1.51713,-0.90986,-0.00053,-0.26352,2.1786,1.44086,0.63817,1.27347,0.21104,1.44531,1.78275,0.40183,0.45209,1.37884,1.48156,0.00327,0.27606,-0.16443,-0.57245,-0.3535,-1.68945,2.63368,0.98507,0.21739,0.12912,1.19581,-0.96451,-0.19396,1.93861,-1.34677,-0.70595,-1.95164,0.16128,0.52117,1.44892,0.33127,-0.11298,1.06354,1.44626,-0.2836,1.24593,1.00387,-0.07938,1.95958,0.36083,2.73503,1.00296,0.11433,-0.49304,-0.93651,-0.29535,-0.45314,-1.72053,-1.44544,0.32885,-0.22204,1.52024,0.54308,-0.25006,-1.50111,0.57525,-0.12169,-0.4524,0.91937,2.68336,1.31563,-0.5525,0.37335,-0.19785
-0.49648,0.59509,0.4272,0.82558,1.36711,-1.50516,0.86532,-0.72442,1.61299,-1.11763,0.89193,-0.51789,0.92482,0.09963,-0.29366,-0.24045,1.39535,0.21885,0.48257,1.62589,-1.58949,-2.38075,-1.75697,-1.45652,-1.03059,-1.50199,0.72776,0.35645,0.76434,0.3561,0.81073,2.20968,-0.42324,0.13315,2.07654,2.69583,1.25837,0.76799,0.3589,0.33553,1.99255,2.22119,0.85383,-0.01585,-0.28932,1.23233,0.47944,1.33147,3.10685,1.78197,-0.87187,-0.37993,2.06677,0.11091,1.36591,1.36322,0.02029,-2.61172,-0.83244,0.30766,-2.40576,1.37449,0.48586,0.47042,1.48877,0.29366,1.7213,1.63978,-0.44424,1.02521,1.60384,0.68726,-1.68593,1.09016,-1.46222,0.72409,0.74582,0.6932,-0.16028,-0.09764,0.5297,-2.00657,-2.09137,-1.81262,-1.60081,-0.77013,1.78045,-1.211,1.20441,1.85758,0.61213
-0.21573,1.50799,-0.40812,-1.27111,1.33531,0.20347,-1.04585,0.14236,-1.03187,0.73091,-1.23513,1.51114,0.85612,0.16082,1.53676,-2.1893,1.41195,0.48024,0.15678,-0.88489,1.95869,-1.39414,-0.59627,-0.17613,-2.36329,-1.20268,-0.85477,0.25508,0.14555,-0.75232,-0.63329,-0.87282,1.79733,-0.04249,1.4631,0.39302,-0.59076,1.07541,-0.59111,0.57069,-1.18451,-1.4845,-0.55704,0.81112,-1.41796,-1.6928,0.49092,-0.09122,-0.58686,2.23888,-0.5229,-1.45713,-0.94773,-0.3506,-0.08327,-0.00771,1.39668,0.24241,1.23397,-1.02772,0.95492,0.192,-0.27942,-0.36559,1.32094,-0.25247,-0.86933,-0.79383,1.08141,1.17213,0.76279,-1.20883,2.16069,-1.89381,-0.25119,-1.90282,0.54269,-1.38295,0.30712,-0.904,-0.63936,0.74733,0.39894,2.24795,0.68187,-1.78869,-1.96001,-0.60756,-2.62395,0.38343,-0.79725
1.90434,-0.39842,-0.60212,-1.2936,-0.24732,1.78234,2.14229,1.94883,0.82086,0.42416,0.56488,-1.33334,0.30221,0.1405,0.86477,0.18264,0.18324,-0.15572,2.43709,0.36187,-1.01827,0.86747,1.44581,2.00438,0.08344,1.10396,-0.44482,0.48316,-1.32829,-0.21747,-1.29085,-0.13394,-1.4024,-2.47363,-1.44685,-0.20469,-0.86435,-0.09909,-1.67913,-1.18429,-0.9507,-0.28472,-1.21216,-0.23392,1.76207,0.07771,-1.94289,0.20175,-0.07988,1.39458,-0.11375,1.4548,0.79605,1.17724,0.1624,-0.40492,-0.44883,-0.38931,0.21956,0.17121,0.93873,-0.20142,1.5758,-0.66761,0.61045,0.52797,2.59415,-0.65281,0.6736,-1.11794,-0.2142,-0.5569,0.22015,3.00407,-0.15133,0.60394,1.00961,-0.02633,1.63123,0.09118,0.58661,2.07261,-0.05699,0.86242,0.89284,-1.00053,1.45731,0.25294,0.22266,0.94942,1.55686
-1.53273,-2.572,-0.14481,-0.55268,0.48949,-2.55912,0.629,-1.68449,-1.30266,-1.03693,-3.48157,-0.61632,0.42457,-1.98586,-1.30477,0.25506,-1.47928,-0.98036,-0.57354,-1.49869,-0.89954,0.72426,0.54532,0.37514,0.55041,0.75515,-0.88975,0.69072,-1.31306,0.4422,1.17166,-0.88867,-1.66491,-2.49664,-0.48582,0.28135,-0.06728,-1.18901,-1.58163,1.69236,-1.58999,-0.9631,-1.73488,-0.84247,-1.58165,0.00714,0.82888,-0.9187,0.13626,-0.38841,-0.31851,-0.01903,2.16164,1.39191,1.21253,2.04674,0.96813,-1.19926,1.02079,1.54961,0.88451,0.15056,0.79865,-0.65176,-1.17874,0.54346,0.25518,1.21683,-0.34592,0.48102,-1.35123,2.2408,-1.93664,-0.78697,1.63183,0.46732,0.06326,-0.20216,0.08384,-1.02903,-1.02561,-0.66317,-0.20294,-1.1521,1.21075,1.09201,0.75391,-0.71,1.58407,-0.82727,1.0564
0.26827,1.57652,2.89924,3.16705,1.24788,0.11283,1.6249,2.13489,1.91493,-0.70733,2.46842,2.99258,0.64069,1.53925,0.84882,-0.65644,0.14323,0.09426,1.28936,0.18744,2.31057,-2.07214,-0.34565,-1.21377,0.1877,-3.41262,1.9611,1.49846,-0.13306,1.44293,1.93151,-0.37764,1.32023,1.25347,0.28484,1.15469,0.82619,0.26551,1.05426,-0.43214,0.36614,-1.7493,2.44523,-0.48869,0.18336,0.13872,1.50585,2.17463,1.26189,0.93753,-0.23197,-0.94868,-3.55409,-1.2034,-1.22533,0.37629,1.04134,0.97458,-0.18101,1.16972,-0.38732,1.16619,1.59278,-0.57148,0.16159,-0.50369,-2.81037,-0.80622,-0.45289,0.2056,1.41515,-0.65421,0.03851,-0.62572,-0.28698,0.34628,-0.47271,-0.10957,-2.79211,-0.22608,-1.0961,-1.26065,-0.68861,0.10888,0.22674,-0.40928,-0.3077,-0.75347,-0.04829,-0.93919,0.61083
-1.50138,-0.18595,0.71972,-0.02981,0.28758,-0.24507,-1.09525,-0.1971,-0.04273,-0.2362,0.37873,0.83999,-0.77957,0.4097,-0.56317,1.11746,-0.50922,1.17358,-0.56481,0.22419,1.02632,-1.75364,0.15943,0.66665,1.21823,2.19844,-0.2612,-0.28532,1.8015,0.12508,0.05808,-0.75999,-0.62614,-0.30377,0.23516,0.15249,0.05409,0.20019,0.27382,-0.06307,0.44341,-2.18139,1.01822,0.09284,1.76192,2.39156,-0.36579,0.70769,0.3964,1.35004,-0.89378,0.86604,-0.26075,1.26973,-0.37184,0.00693,0.29238,-0.42717,-1.29294,2.07708,2.76152,0.43795,-0.32168,0.52977,1.1016,-0.73903,-0.41871,1.23378,-0.22325,3.75525,1.68974,0.00408,0.8705,1.56086,-0.62067,-0.01814,1.19381,1.97263,0.50621,1.26998,0.65126,-1.71055,-1.40147,1.21341,0.86733,-1.06007,-2.43723,1.07364,-1.18345,1.70382,1.61954
0.25204,-1.18133,-0.21684,1.16219,0.08425,-0.80564,1.83406,0.36992,-0.50767,0.77457,0.50665,0.40957,0.04761,0.20885,1.02069,0.03929,0.34087,2.57005,1.79275,0.65347,-0.84089,1.34713,-0.07767,2.15501,-0.36099,-0.102,-0.29922,-1.06109,-1.18999,-2.49691,-0.53173,2.80502,-0.19053,0.11942,-0.48389,1.21098,0.90367,-1.24223,-0.35166,2.23293,-0.38885,-0.05668,0.14506,-1.15271,1.05184,1.20196,-1.87295,0.04864,1.47555,-2.4248,-0.44135,0.17708,-0.9575,0.64331,-2.166,1.00348,1.16865,0.58928,-0.69562,0.88744,0.24611,-1.03014,-0.47891,1.41919,0.6154,0.50841,0.50536,1.25314,1.92,0.99234,-0.53811,0.39278,0.84755,1.91652,0.67318,-1.23054,0.25244,-0.30862,-0.05946,-0.50758,-0.6672,0.24889,-1.43927,1.51658,-0.52971,-0.66676,-1.06868,-1.06728,-1.2656,-0.94851,-1.53989
0.56849,-1.1517,-1.2502,0.76533,0.67074,1.85485,0.96724,0.29704,-0.20815,0.79975,-0.09419,-1.2556,1.55866,1.49557,3.25289,1.46864,2.01659,0.68079,-0.03264,0.98811,3.21255,1.16179,0.16551,2.64585,-1.34733,0.40631,2.00474,-0.27864,-0.7307,0.74524,-1.15729,1.94332,0.71623,-0.14487,-0.84355,-0.96675,-0.40355,1.34431,-0.4486,2.29921,0.69263,0.36452,-0.05067,0.44103,0.47057,-0.48047,1.11858,0.76028,0.44583,-0.43145,0.58298,1.03404,-0.29877,1.1739,-1.27344,0.54416,0.47399,-0.64168,0.7338,1.01132,0.00684,2.24626,1.2149,1.56554,0.66092,1.66024,1.54667,0.23721,0.75432,-0.43504,-0.08654,1.01241,1.72916,-0.48879,2.67277,1.17491,1.67992,-0.97231,1.39034,-0.41385,2.7036,-2.47282,-1.21157,-0.68468,0.94007,0.683,-1.3406,0.49,1.31615,1.18378,0.67519
0.27362,-0.0115,-0.65651,-1.32876,1.33535,1.05429,0.43288,0.52249,-0.5736,-0.91776,-0.00439,1.42798,0.32755,-0.90881,0.75131,-1.16513,1.37648,2.37895,-0.51249,-0.75567,-0.1872,0.97557,0.41874,1.53673,1.42498,2.43152,-0.00579,0.02602,-0.15203,-1.38767,-0.96583,-0.64496,0.35009,-0.80827,0.38518,-0.73926,0.11866,-0.08152,-0.771,-0.19665,0.2417,1.50039,-0.65439,-0.30925,-0.16213,0.22662,-0.52746,-1.19315,-2.22048,0.85735,-2.05077,0.88706,0.41521,0.06267,-0.49685,-1.53742,-1.13129,-1.58042,0.22031,0.37428,0.64085,-0.78598,0.39384,0.24037,0.27158,0.69254,-1.41372,-1.01769,1.88495,-0.36871,0.85861,0.82054,0.3073,1.80697,0.33941,0.1397,-0.66313,-0.4528,0.82754,0.73718,0.37835,0.25922,-0.44112,0.49863,1.63767,0.40898,0.19763,-0.29577,-0.16763,0.78653,-0.61823
0.83346,0.75219,-0.643,-2.20717,-0.08984,-0.38383,0.02412,0.62597,1.01883,0.28117,0.09937,0.78758,1.11084,0.98904,-0.04446,-1.39006,0.49477,0.87465,-0.98845,-0.72872,1.65899,-1.81233,-0.35152,0.07238,-0.31921,1.82538,1.99893,1.55517,1.66525,0.39075,0.93898,-999,-999,-999,-999,-999,-999,-999,-999,-999,-999,-999,-999,-999,-999,-999,-999,-999,-999,-999,-999,-999,-999,-999,-999,-999,-999,-999,-999,-999,-999,1.87228,1.20459,0.94553,2.33379,0.6498,-1.37335,-1.23415,-0.13603,-1.22809,1.24992,0.77712,0.96934,0.81143,1.86799,1.8393,0.95731,0.00794,0.36013,0.2862,0.17296,-2.63129,-0.39443,1.02569,-0.96977,-1.07833,0.06446,0.80552,1.38607,-0.24103,1.65145
1.94018,3.35486,0.6753,0.09318,-0.84049,1.90111,1.16032,1.44568,2.20298,0.94953,0.14797,2.30861,-0.65285,1.69255,-0.11006,1.55022,1.4782,1.19808,2.60653,1.24222,1.99204,-0.7382,-0.00108,1.17268,-0.59564,0.20572,1.46443,0.86408,-0.97062,0.01381,0.36716,0.32589,1.02738,2.36238,0.11777,1.41606,1.48088,1.2317,-0.08379,1.12723,0.65961,-1.07561,-1.03604,2.18093,1.66376,-0.83658,0.98176,1.0751,0.5135,1.49739,-2.4975,0.62737,0.5108,0.1869,0.28737,0.1855,-0.35111,0.01154,-0.31506,1.5365,-0.09655,1.49797,0.70602,-1.9609,-0.35455,-0.57363,1.71209,2.10253,1.00221,-1.58141,2.45362,-1.28441,2.12879,1.16292,-0.30475,-0.99057,3.90389,1.02119,-0.58121,1.94967,0.08206,-0.51816,-0.23319,-0.9991,0.31783,-0.43056,0.2142,1.25311,0.32805,-0.42458,-0.78832
0.13369,0.5263,0.61377,0.52767,-0.30491,-0.74688,1.11547,-0.15873,0.60353,2.34318,2.66557,-0.49366,1.41161,-0.37121,-2.03846,-0.86021,0.17518,0.87253,0.46965,-1.24306,0.89967,-0.55223,-0.655,-0.96603,-1.46527,0.5759,0.73227,-0.56735,2.29154,0.8853,0.15039,1.04053,-1.81512,0.12893,1.44026,-0.1433,-0.04425,1.34707,-1.66046,-2.16978,0.9552,-1.23476,1.70065,-0.2512,1.70378,-1.04128,-0.1849,1.84177,-0.25816,1.7834,0.7289,-0.53393,1.14715,0.41244,0.21698,-0.47657,0.13733,0.56985,-0.39804,0.08394,0.39771,0.22218,-0.44323,0.3993,-0.77739,-1.41412,-0.50888,0.22461,-1.57996,-0.95305,0.09373,0.2724,-1.55975,-0.87056,0.55645,-1.25298,-2.3206,-1.13518,0.39083,1.53333,0.36508,0.846,-0.66741,-1.53517,-0.05217,2.1764,1.56942,-0.42348,-1.35417,-0.08278,1.29413
0.36084,0.62252,0.47742,-1.03204,0.9214,-0.00562,-0.14811,-0.15685,-0.17819,-0.59192,-0.43959,2.08478,-1.60976,1.55389,0.14063,-0.07187,-0.48444,1.77371,-0.66349,0.2458,0.94686,2.50383,1.6443,0.6485,2.11682,1.29683,-0.02171,1.27109,-1.01457,1.19778,-0.71915,-999,-999,-999,-999,-999,-999,-999,-999,-999,-999,-999,-999,-999,-999,-999,-999,-999,-999,-999,-999,-999,-999,-999,-999,-999,-999,-999,-999,-999,-999,0.6813,0.36495,0.43885,-0.08923,0.58286,-0.29086,0.24044,-0.35758,-0.10096,0.26156,0.8343,0.51719,0.72382,0.57112,0.44367,1.0816,-0.13593,0.19389,1.72841,1.79596,0.16399,1.07252,0.16122,0.1914,0.16336,-0.04742,1.58497,-1.21024,0.61449,-0.03541
0.95689,1.24949,-0.26738,-0.96909,0.05683,-1.62344,0.42836,-0.28601,-0.29646,-0.73595,-0.40894,0.62762,-0.18475,-0.57472,-1.4256,0.02657,-0.12947,-0.11954,-0.27376,-0.62552,0.38531,-0.49433,-0.36878,-1.00304,-2.74886,-0.26305,-0.64035,1.16939,0.92935,0.55314,0.70304,-999,-999,-999,-999,-999,-999,-999,-999,-999,-999,-999,-999,-999,-999,-999,-999,-999,-999,-999,-999,-999,-999,-999,-999,-999,-999,-999,-999,-999,-999,0.03518,-0.73378,1.66678,-1.06613,-1.06466,0.91373,0.28866,-0.06596,-2.48369,-0.76222,-1.95107,0.48764,0.4085,1.58246,0.90297,-0.61196,-1.28535,-0.14745,0.30585,-0.93364,0.16402,-0.90745,-1.83143,0.53353,-0.32381,-1.85755,0.88442,-0.53663,-0.2007,-0.22033
1.22549,1.63912,0.21086,-1.88202,-0.10682,0.87978,1.10092,-1.11352,0.52274,-1.89369,-0.0011,-1.4711,-0.84874,-0.28749,0.03938,-1.23001,1.11267,0.4792,0.6008,1.02486,0.70362,-2.36732,-1.76555,-2.55159,-2.3782,0.40412,1.42204,1.85584,2.17065,1.6917,0.84781,0.96367,0.80669,-0.25117,0.7519,-0.04283,0.88779,1.8988,-1.3136,0.65524,1.91254,0.38745,-0.29445,0.96649,0.11078,1.0804,-0.61878,-0.71692,-0.5233,0.72427,0.28208,-0.58755,-0.84144,-2.16498,-0.41371,-0.73734,-0.34182,1.06023,0.73243,-0.90583,-0.26152,-1.54573,-1.09769,0.61114,0.42758,-1.17395,-1.10189,-1.06054,-0.95456,0.0386,-0.46473,-1.46726,-0.03299,-1.20296,-2.5226,0.29806,-0.26493,-0.11779,-0.76182,1.07815,-1.0037,-1.79975,-2.1015,-1.46062,-0.84536,-2.92111,0.45621,2.39261,2.14051,0.26938,1.04527
-0.91763,-0.11801,-0.66901,-3.07326,-1.27732,-1.26574,-1.42335,-1.08235,-1.40998,0.64681,-0.26531,-0.09068,-1.46847,-0.40586,-0.50414,-0.89832,1.44555,0.23618,0.80857,-1.72256,-0.28055,-0.32731,-0.57302,0.72602,-2.37398,0.71675,-0.85526,-1.21259,-0.00448,2.20539,0.61265,-0.24359,0.79368,0.17864,-0.30233,-1.15967,2.12874,1.3008,1.4563,0.14969,2.1901,0.93561,1.91049,-0.35354,1.71133,0.37028,0.25542,2.08437,0.66784,0.82128,0.28085,0.6686,0.11361,2.22844,-1.12629,0.51284,-0.79276,0.98185,0.39203,1.04216,0.06051,0.06987,1.17738,0.06081,-0.59295,0.36502,1.39746,1.67993,-0.27289,0.80582,0.62558,0.52782,0.37411,-0.26834,1.3819,-0.19656,0.20066,-0.29331,0.11111,0.982,0.04232,-1.59632,0.31385,-1.5751,-1.89582,-0.01524,-0.59181,-0.29533,0.65847,-0.20881,0.45705
-0.02307,-0.54383,1.63165,1.52112,2.03211,-0.33608,2.3718,-1.6098,-0.51053,1.60745,-0.85565,1.54273,0.41827,-1.07716,0.98178,1.48191,-1.15985,1.87411,2.32527,0.23274,1.18209,1.6182,-0.98238,1.98026,-0.47318,0.01263,-0.21196,-1.22387,-1.0394,0.24935,-0.36557,-0.79013,-0.57175,0.76972,0.05428,1.00912,-1.46448,-1.70682,-1.34636,-1.24654,0.96718,-0.55626,-1.06728,0.24381,0.0981,-2.92237,-1.27935,-1.24146,-2.46234,-1.16495,-0.18378,-1.0852,-1.39103,0.59641,-0.34583,-1.0576,1.51674,0.03833,2.50355,2.20323,0.54289,-2.6114,-2.58615,-1.13011,-1.78146,0.64075,-0.61133,0.89387,0.00512,-0.24295,-0.72044,-1.18324,0.41309,0.03591,-1.84671,0.53209,0.69406,0.11039,-0.59991,-0.87844,-1.43051,0.89597,0.6585,1.0099,1.83502,-0.67101,-1.51511,-1.02129,0.22331,-0.17102,-0.5351
0.16563,0.85038,0.49273,0.1875,-0.19368,1.60474,-0.37061,0.79516,-1.36196,2.38416,-0.25925,0.26799,1.80085,0.21478,-1.4117,-1.73686,1.04827,2.28665,1.29257,-0.17992,0.26003,-0.72023,-0.41882,-0.23347,0.06497,-2.57293,-0.1835,-0.42902,0.49009,-0.49833,-1.85869,0.79588,-0.13041,-0.52997,0.64293,-0.76945,0.10346,0.72376,0.10559,0.16439,-0.42037,-2.22304,0.94684,0.07956,0.34051,-0.02384,-1.80381,-0.90844,0.49045,-1.69657,0.95299,0.02699,-0.73125,0.62978,0.75092,-0.25811,1.50602,0.90469,0.01852,0.46729,1.79001,0.37822,-0.04776,0.36236,-1.49884,-0.67071,-0.3625,-0.12176,1.39984,0.11271,-0.02526,1.37714,0.78868,1.01298,-0.61094,1.83808,-0.9627,0.09894,-1.21311,-0.44618,-0.32782,0.75316,0.86242,-0.45365,0.08046,0.99635,0.64982,1.22455,-0.68356,1.21321,1.18093
-1.27124,1.07719,0.31135,0.83079,-0.13584,-1.98041,0.88717,0.91057,-0.3984,-0.87531,-0.47944,-1.78502,-0.72736,0.75127,-0.77693,0.66262,0.32572,-0.34364,0.00867,0.02377,-0.5338,1.61884,0.29901,0.63727,1.75954,0.02219,-0.63079,-0.70374,-0.4373,-0.71811,-0.00983,-1.3688,-1.00741,-0.70722,0.05998,1.11297,0.59845,0.65224,0.81122,1.24297,-1.39873,0.88852,1.04695,1.28704,-0.05633,0.32357,1.59676,2.21743,0.63556,0.51082,0.88372,1.89755,1.21767,-0.15174,1.47328,0.78771,-1.35398,-0.47481,-0.87411,-0.63157,1.13797,0.83143,1.07108,1.43631,0.44368,1.01877,0.24422,0.29871,1.63372,1.84679,0.69471,2.55846,1.61835,0.61512,0.81222,0.06634,0.57681,0.30203,0.84479,3.45603,0.05543,0.41397,1.86533,-0.208,-0.24774,0.97687,-1.43963,-2.69648,0.59816,-1.48841,0.65719
0.32013,1.7083,2.65242,0.50204,0.55682,1.05624,2.18517,0.5933,1.6019,0.87063,0.20668,1.65858,1.03733,1.68144,2.31256,2.27074,2.86538,0.58141,0.71863,1.77168,2.62673,0.93455,1.3276,0.82934,1.16205,0.2332,1.28614,-0.3617,0.56625,0.75848,1.07605,0.87954,0.00387,-0.55412,1.83714,0.23782,0.48679,1.84442,0.50665,1.81921,0.4679,0.46642,0.30508,1.55622,-0.10608,0.56271,1.9296,0.53307,0.86026,1.48189,0.8719,-0.85963,0.88231,-1.04902,0.22435,-0.42129,-0.40218,0.39279,1.49237,-0.18437,0.77861,0.09196,-0.14442,-2.50919,-0.0623,-0.55097,1.8647,0.86522,-0.3424,1.91099,2.30089,0.86249,-0.13219,1.17656,2.38561,1.09979,-0.63568,0.86544,0.80936,0.41106,0.70582,1.9857,-0.6837,-0.22718,-0.93942,-0.37334,0.79426,-0.55231,-0.44672,0.08669,-0.11218
0.36375,0.76973,1.24495,0.44688,0.99904,-0.26183,1.436,1.68116,1.88651,-1.80488,0.90461,0.70395,-0.62058,1.21562,-0.8742,-0.31404,-0.45486,1.80465,1.22725,0.04308,1.1897,-0.56709,-1.25108,0.31423,-0.97317,-0.12622,-0.23842,1.16675,0.07794,1.01052,0.18112,1.77633,-1.97243,-1.05701,-0.05214,-0.39134,-1.79986,-0.54338,1.27356,-0.17148,-0.68633,-0.60551,1.62151,-0.1325,0.2171,0.10175,-0.67859,-1.21321,-2.6663,-0.5954,0.53618,0.13617,-3.12519,-0.86324,0.15176,-0.51129,-0.7667,0.22121,0.48184,-1.19973,-1.55247,-0.23915,0.62368,-1.24636,0.48959,-0.1345,-1.07775,-0.43446,-0.22052,-0.5753,0.0998,0.88837,-2.89035,-3.31567,0.12003,0.47633,-0.25398,-0.46617,-0.00679,0.26601,-1.78526,-0.34001,-0.34813,0.08196,1.62835,2.29414,-0.56753,-1.1911,0.28514,-1.18407,-1.42162
1.92228,-0.29269,1.33007,2.68238,1.36603,0.371,-0.0333,1.63016,0.93808,0.72253,-0.73276,0.91297,1.03192,1.33468,0.77846,-0.0788,0.19329,1.26069,1.08864,2.02562,-0.84755,0.01774,-0.42111,-0.45835,-0.65704,-0.84863,-1.62116,-1.80092,-0.52202,0.19026,-0.39791,0.28247,-0.14625,0.81782,1.01157,1.00746,0.92685,-0.90533,1.92828,0.26904,1.01005,-0.12805,1.53283,2.35932,0.25367,-1.29645,0.05861,-0.76821,-1.86358,-0.52118,0.03378,0.7981,-0.04863,1.01052,-1.44594,0.02292,0.49549,-0.36429,2.23176,-0.10733,1.34112,0.22071,-1.20661,-1.09533,-0.14901,-0.18918,1.06536,1.03092,-0.00035,-0.34032,1.31986,-1.70952,-0.34316,0.25285,0.76197,-0.70304,0.82558,0.33408,-0.36595,0.77432,-0.21958,-0.16046,1.10799,-0.29218,-0.61648,2.0651,-0.90031,0.79604,-0.31805,0.49123,0.35285
-0.70952,0.75566,0.01888,-0.015,-1.85985,-1.23981,1.82064,-0.73827,-0.15065,0.00345,-1.08679,0.50515,0.8346,1.28302,-0.07749,-0.31009,0.37796,-1.57214,-0.04232,0.25787,-0.46388,0.67441,1.80276,-0.62346,1.22927,0.93511,0.14061,-1.4503,0.57861,-1.07867,-2.09682,0.39138,0.86828,0.00715,-2.50427,-1.26193,-1.24063,0.77617,-2.47164,-0.92591,-1.72502,0.72402,-1.11954,1.19779,-0.42796,-1.22099,0.25274,0.42097,-0.31928,0.15806,-0.69255,-1.10436,-0.20695,0.15393,-0.72971,0.05717,-0.6107,-2.18653,1.14288,-0.12321,0.03937,0.36036,0.16301,0.86118,-0.38429,0.88026,-0.33903,0.55499,-1.17138,-0.95243,2.18061,2.19385,0.52557,0.22526,-0.36626,0.80672,-1.47663,-0.77473,0.08277,-0.99488,-0.12319,2.18335,1.09581,-0.65462,2.12908,1.70999,-1.41101,-0.93246,0.93016,-0.48328,-1.44377
1.35157,1.15197,0.82209,-0.04324,2.39902,1.27461,-0.0057,0.68413,1.66838,0.74714,-0.22671,0.76441,-0.14435,-0.78488,1.80552,-1.47952,0.33719,-0.58384,2.17867,-0.26192,0.66426,0.96947,-0.51659,-1.46572,0.07371,-1.70417,0.13172,1.43523,0.13769,-1.68408,0.84542,-0.04943,-0.49755,2.32877,1.26994,-1.78234,-0.36343,1.38684,2.09679,1.01103,-1.35526,1.06806,0.04703,-0.9554,0.53368,-1.75735,0.19199,0.13732,-0.2639,0.47551,-0.73233,0.38572,-1.07644,-0.28971,-1.29311,-0.43721,-0.97099,-1.0207,-1.39339,0.47766,0.08294,0.16602,-0.62952,0.91505,0.0888,-1.11956,0.5633,0.22772,-0.89549,-0.3227,0.34095,1.76579,-1.36554,-2.31762,0.05933,-1.53971,-0.89759,-2.95484,-0.13135,-0.31218,-0.47175,0.29022,-1.44304,-0.33011,0.82273,-0.80058,-1.31578,0.11596,0.22554,-0.84709,0.18815
1.22416,0.76956,-0.62078,0.57913,-1.10376,0.65893,-0.63163,1.05112,0.38431,-0.62675,1.5029,0.15232,-0.14519,-1.41306,-0.4258,-1.01165,1.0279,-0.58318,0.70062,1.11377,1.05488,-0.93263,1.48407,-0.53478,-1.40764,0.94309,0.34415,-1.1474,2.06327,-0.15823,-3.15578,-0.76755,-0.13803,-0.11913,0.10211,0.80139,1.87155,-1.64228,0.73226,0.78083,2.39431,-0.75571,1.17769,-0.617,0.49223,0.28847,-1.0012,0.16947,-0.81143,1.08292,-0.51505,-0.07342,-0.01405,-1.57294,1.18341,1.773,-0.3467,-0.06284,-0.55939,-0.70269,2.82172,0.18787,0.63172,0.09476,-0.9877,0.61467,0.03639,0.90979,0.45914,0.06856,0.1135,0.85965,-0.61998,0.6986,0.73295,-0.74629,-0.81498,-0.26628,-0.97308,-0.11215,-0.52404,-0.28984,-1.17391,0.47436,1.14116,-1.70185,-0.48739,1.05464,-0.08458,-1.55715,0.0392
1.00395,1.18763,0.75725,0.42742,2.36031,0.46645,1.42396,1.18593,1.84098,1.72828,-0.809,1.45178,-1.43942,1.35046,2.10002,0.64419,1.0434,0.22987,2.2823,1.06151,0.69087,-0.09828,-0.90162,-0.71033,-1.10409,1.64261,-0.64158,0.72064,-0.85507,1.16642,0.05042,-1.14561,-0.25498,1.23093,-0.14385,0.84547,0.16254,-0.5388,0.42201,1.05001,0.19006,1.20057,0.59276,-0.43842,-2.45644,0.31221,0.04346,0.77483,-0.76767,0.05928,1.17323,-1.71156,-0.6735,-1.03179,-1.4521,-1.92538,0.14786,-0.89164,1.13406,0.87593,1.59293,-0.11782,-1.1241,-0.59392,-1.08516,-0.8765,0.76634,1.13927,0.32474,-2.40566,-0.94272,1.26511,-0.97763,2.11995,0.13358,-0.80152,-1.31601,0.70027,-0.05257,0.37004,-0.12442,-0.19992,0.84576,0.64967,-0.7843,0.096,-1.89393,1.54543,0.68246,-0.14885,-0.07476
-0.32041,-0.69362,0.37928,0.03963,-0.60441,2.39125,1.50149,0.49299,3.31767,1.2897,-0.33672,0.85213,-0.62855,0.46246,-0.39546,0.42409,0.39281,-1.33801,1.09131,1.07391,1.43416,1.23297,-0.87736,0.10159,-0.02026,0.45285,0.79427,1.55358,-1.38489,-1.99318,-0.35805,-1.06333,-0.8364,-1.59676,-0.32246,0.36782,1.13857,-0.53049,0.27666,-0.19402,-0.34622,0.35268,0.12702,0.29366,1.05731,0.06083,-0.41958,1.38597,1.5657,-0.46014,-3.19379,-0.31465,-1.6098,-0.6354,-2.26844,-2.8199,-0.86338,0.25852,1.07825,0.33925,-1.15011,-0.74182,-0.95432,-0.10122,0.82412,1.64093,-1.25016,-0.54303,0.0674,-2.68816,0.30798,-0.5034,-0.6443,-1.72529,0.07387,-0.30611,-0.6318,-0.94564,-1.38222,0.31569,-0.99426,0.93973,0.04634,-0.95115,0.25201,0.51475,1.09738,-2.81616,-0.16477,-0.94939,-2.08129
0.7376,-0.20829,0.72885,-0.87487,0.73286,-1.98117,-0.96645,0.97351,2.02997,3.01324,-0.29854,-1.2722,1.34363,1.18893,-1.81946,0.35585,-0.85251,1.3404,0.00872,-0.20258,1.0946,-1.43715,-0.9181,0.74255,0.26664,0.94188,0.81648,-0.05971,-0.48421,-0.00776,0.95234,0.43792,-1.27778,1.2891,0.38122,0.96921,0.8439,0.8087,-0.34655,1.46114,0.16712,1.12302,0.40045,-0.86533,0.49789,2.65562,-0.62607,1.36056,-0.84133,2.69858,1.17865,1.2574,-0.58012,-0.92708,0.29859,0.01856,0.50387,0.25705,2.21653,-1.09316,-1.17523,0.07594,0.30951,0.75206,1.04021,-0.91906,1.12486,-0.15075,-2.51439,1.41652,0.22746,-0.46127,1.95969,0.03373,-0.37016,0.56915,-0.93843,0.66687,-1.06106,2.04936,0.01368,-1.13732,-0.70892,1.24745,-1.28753,-0.82609,0.30538,-1.05319,-0.83201,1.33334,2.44485
-1.26433,-0.39958,-1.12925,-0.23052,-1.75952,-1.21067,-0.69576,-2.08193,-1.419,-0.23801,-2.66548,-0.09869,-1.73001,0.08399,0.26424,-0.07725,1.16188,-0.25342,0.05687,0.37106,2.71508,1.01879,0.73907,-0.42859,0.69113,-0.22192,-0.58611,-1.72946,0.83963,1.88211,0.05298,0.36121,-0.52346,0.49521,-0.60251,0.23087,-2.1011,-0.42912,1.31319,0.58971,-0.94829,0.23322,-0.82904,-0.52056,0.32612,-0.58392,-0.91445,-0.26973,0.85533,0.13341,-0.78911,-0.88528,1.17684,-0.81757,0.07861,-0.37232,-0.29679,0.07019,-1.47119,-0.05288,0.35616,-1.02425,-1.64422,0.33825,0.74662,-0.25246,-0.22831,0.99977,-0.83679,-0.03601,-1.04775,1.52056,0.09249,1.09008,-0.51349,0.8177,-0.27781,-1.26531,0.79586,0.64487,0.66384,1.60118,0.75081,-0.58233,-1.64301,-0.4866,-0.67741,-0.4527,0.8989,-0.45836,0.14225
0.8518,-0.06207,-1.72705,0.8352,-1.02364,-0.32743,-0.44608,-0.89829,0.08172,-1.56816,-0.28298,0.79319,-1.41705,-0.32657,-0.43907,0.09178,0.27468,0.83059,-0.50564,-1.03851,0.55308,0.25978,0.79421,0.7017,3.09963,1.80807,-3.14765,-0.94577,0.01591,-1.11284,-0.79932,0.60221,0.41298,-1.09032,0.51017,0.73299,1.16426,0.36189,0.13011,2.3539,-0.17343,-1.48543,0.46862,0.41567,0.87351,1.4698,-0.87105,0.51608,-1.39264,0.82446,-0.95319,2.25933,0.87496,1.33407,1.08727,2.70548,-2.04203,0.78515,-0.68834,0.28462,0.38163,-0.73209,0.66381,0.62811,-0.2312,2.28187,1.27004,-0.4418,2.60103,0.89104,0.03123,0.04156,3.20373,0.86483,2.99169,1.53167,1.01499,0.42731,1.73061,2.83607,1.99282,-1.87999,-0.22162,0.11505,1.04794,0.23488,0.58818,-1.00528,0.11501,-0.10712,1.44957
-1.62645,-0.01326,-0.05729,0.15452,-0.53193,0.36146,0.68182,-0.5173,-0.92664,-1.9768,-0.41214,-1.12282,-0.31282,-0.17738,-1.79373,-0.46293,-0.99264,-0.86327,1.26042,-1.22635,-1.36499,1.10751,-0.71658,0.23918,0.4327,0.9706,-0.78696,-0.21935,-0.54688,-1.12629,-1.32041,-1.65569,-1.0166,1.60239,0.63578,-0.49505,0.75073,-0.33556,-0.03437,-1.7942,-2.05411,-0.31574,0.24044,-1.23155,-2.09094,0.55575,0.20438,-0.62786,-1.64261,0.0468,0.04384,-0.2105,0.48391,0.89349,-0.89046,0.13874,-1.32109,-1.1074,-0.114,0.01519,0.61062,-0.9724,-0.05173,0.76497,-0.9472,-1.72349,-0.66323,0.31394,-0.36558,0.59381,-0.92642,1.31208,-0.85132,0.39193,-0.35602,1.33537,-0.76786,-0.82945,1.65054,-2.21583,0.59714,1.564,0.17443,-0.68472,-0.333,0.42548,0.7891,-1.74899,-0.89355,-2.8601,-0.9641
0.2888,2.92492,1.22784,0.10956,0.66039,0.84939,1.30993,0.29888,1.09975,0.94031,0.13188,2.64797,-1.59385,-0.90277,1.86324,-0.87856,1.37122,0.87137,1.843,0.60145,-0.35388,-2.11235,-1.26423,-1.12943,-0.01972,-0.99031,0.422,-0.24303,-1.79694,-0.16027,-2.33758,0.02802,-0.16089,0.5772,-1.6755,1.08637,-1.94047,0.05187,-0.48518,-1.89028,0.8636,0.53099,0.84819,-1.77362,-2.45448,0.29217,-1.32151,-0.18427,-0.79017,1.42748,1.76463,0.96979,0.3125,-1.2458,0.00722,-0.39621,0.98244,0.66257,1.12616,0.39277,-0.55659,0.52162,-0.0501,0.04981,-1.2658,-0.20608,-1.38637,0.61767,0.61895,0.58893,0.37351,0.77698,0.99311,-0.0618,0.43687,-0.10831,-0.43477,-0.90618,0.13476,-1.07523,-1.848,1.80295,0.59753,0.88278,-1.38186,-1.12428,0.51941,-0.25503,0.59212,-0.73442,1.16152
1.93672,1.68805,2.03916,2.3452,-0.14169,-0.00707,0.74017,2.66795,0.76272,1.252,-0.95366,0.38242,-0.57651,-0.15765,2.49546,1.50528,0.63585,3.99125,0.79888,1.91522,2.46175,0.20742,0.09245,1.68163,2.21117,2.50033,-0.78207,0.63126,-0.51392,0.41487,-0.48532,-999,-999,-999,-999,-999,-999,-999,-999,-999,-999,-999,-999,-999,-999,-999,-999,-999,-999,-999,-999,-999,-999,-999,-999,-999,-999,-999,-999,-999,-999,1.25491,0.25173,2.74681,2.98087,3.74722,1.30599,1.20465,1.81187,3.08275,3.83903,0.54323,0.88989,2.71259,1.9606,1.52664,3.12679,0.63088,1.98676,2.07411,1.73321,1.55107,-0.78269,0.37372,-0.7165,-0.13332,1.69796,0.23705,0.16938,0.15548,-0.54863
-0.77007,-1.50787,0.34742,-2.03071,0.00085,-2.70649,-2.24895,-0.73002,-2.633,-3.81166,-1.43334,-1.359,-0.78022,-0.32512,-0.02403,-2.06945,-0.86132,-2.20474,-1.59664,-1.53837,-2.09566,0.24861,-0.42875,-0.15114,-0.17132,0.90734,-1.59103,-3.048,-2.51201,-1.82795,-1.32931,-0.2346,-0.81164,1.26982,-0.14503,-0.97032,0.08736,0.07833,-0.2786,-0.07908,-0.42053,0.88005,-1.47476,-1.86713,0.52718,0.21904,0.85496,-1.39908,0.21115,-0.28266,0.26085,0.73039,0.26704,1.58754,-0.96148,1.31251,-1.51792,0.67475,0.80863,1.06656,-0.2072,-0.32389,-0.01914,0.5321,-2.30332,-0.08921,-1.64269,0.71866,0.31712,-1.07201,0.08496,-0.30444,0.41545,-0.21308,1.19781,1.5862,0.69821,-2.98582,0.15683,-2.3745,1.51382,1.75934,-0.02471,-0.83239,0.27501,-0.90045,0.11382,-0.37125,-0.83423,-1.06861,-0.69147
-1.46716,-2.03603,-0.07845,-1.0182,-0.03735,-2.31069,1.04802,-2.78748,0.81323,1.27345,0.04114,-1.06109,0.06941,0.26872,0.99309,-1.00571,0.5822,0.39095,0.59502,-1.42464,0.8328,-0.33678,1.182,1.16356,1.8547,-0.06854,0.03949,-0.89784,0.51284,2.39613,-0.5518,2.06296,0.14809,0.18065,0.01183,-1.09596,-0.33418,-0.30133,-0.91571,1.43223,1.03016,-0.24805,-1.30143,-0.11054,-0.64587,1.83298,0.72214,1.14554,1.41693,1.78407,1.71629,0.75196,-0.42925,0.80136,-0.55857,2.60984,-1.46116,-0.16001,0.37489,-1.11709,-0.44884,0.50198,1.60625,0.57898,1.4051,3.6198,0.87869,-0.37282,1.179,-0.19608,-0.53729,0.98807,-0.36283,1.32463,1.05743,0.84784,-1.04919,-2.23243,-0.37684,1.50713,-0.09915,0.22578,-1.12261,-1.11026,0.46826,1.08837,0.59541,-0.27259,-1.74821,0.01365,0.12848
0.07795,-0.39993,0.20188,0.61952,0.17491,-0.50581,0.60344,0.69229,-0.65792,-0.32049,0.19339,0.42043,0.32041,2.45454,0.75023,1.32251,-1.1623,-0.30034,-1.09102,-1.1494,-1.38634,-0.55546,-1.04355,-0.1928,0.15002,1.22771,-0.23171,1.5374,2.02112,0.39433,-0.81905,-0.84071,-2.09368,1.45391,-0.78596,1.64037,-0.50378,0.46012,-1.00909,0.2147,0.37624,-0.88564,-1.0269,0.06691,0.76585,-0.94395,1.51046,-0.94,-0.26962,-0.81502,0.35296,-1.15693,1.47418,0.33898,-0.82248,-1.03506,0.47439,-0.76595,0.38128,-0.29334,0.35562,-2.06481,-0.57775,-1.72951,-0.16461,-0.72307,-0.486,-0.71663,1.75427,0.64039,-1.84246,0.10012,0.77015,-2.45176,0.14935,-0.32139,0.09751,-1.17253,-1.37609,-3.45853,-2.05341,-0.71867,0.39673,0.23629,-0.56495,-0.58849,-0.32991,-1.27555,-0.98856,-2.70675,-0.3976
0.04571,-0.56714,-0.40733,1.19747,1.08011,-1.00621,-0.83727,-1.01571,0.12995,0.7222,0.67861,0.40218,-0.93899,0.81383,-1.54579,0.33555,0.07527,0.02927,1.08386,0.645,-0.313,-2.32112,0.80996,-0.66888,-0.96316,-1.67738,0.4132,0.10509,0.98276,0.91909,1.04298,1.42453,-1.89869,-1.13795,0.46857,-0.41697,-0.73642,0.43602,-0.10284,-1.08154,-2.40964,1.11894,-1.02031,0.03503,0.10845,-0.66487,-0.41401,-1.55947,0.48058,2.23374,-1.92155,0.07165,-1.86521,-0.34583,-0.54612,-1.74932,1.34308,0.36559,-0.89906,0.12494,-0.35623,-0.34185,-1.04802,-0.08143,-0.90931,-0.09871,-2.48287,-1.02651,0.5531,-0.41853,-1.85846,0.59905,-1.28688,-0.60556,0.12858,0.05431,-0.11062,-0.90917,-1.77067,-1.55768,-0.1548,1.21438,-0.87466,1.36124,0.14558,0.76885,0.82875,0.0996,1.62632,-1.0151,-0.4106
-0.3256,2.57504,0.92208,-0.78177,1.83029,1.82052,-1.68954,-0.72215,-0.05983,-0.17602,1.2947,2.51271,-0.87738,-0.34039,0.12046,0.62849,2.27543,1.07515,-0.75535,2.29651,1.9013,-1.22663,-0.55348,-1.53342,-0.50822,-2.43575,0.46534,1.10367,2.3381,-0.50024,1.83864,0.53862,1.08476,1.02112,-0.38082,0.83698,0.01477,0.38582,-0.36,0.50416,1.57875,0.27467,-0.92372,0.14151,0.92706,-0.4111,0.22017,0.43414,1.12314,0.25185,-1.12527,-0.52886,-1.09681,0.75956,-0.10055,-2.26237,0.54873,0.17912,-1.0953,0.94055,0.02875,-0.6052,-1.97625,-0.70201,-0.22074,0.16759,0.63751,0.58249,1.31642,0.82011,-0.12219,-1.72177,-1.33747,0.23119,0.97314,1.41388,1.84379,0.08518,1.1912,-0.88975,0.63224,0.64692,1.51557,1.09999,-1.10458,0.04025,1.3122,0.0326,0.89687,-1.56229,0.83112
-1.00731,-0.06867,-1.86319,-1.94782,0.83971,0.7802,-1.90724,0.0301,-1.06804,0.13267,0.06093,-0.42938,-0.99086,-1.53391,0.79284,-1.62247,-0.33445,1.96637,-1.02527,-1.6046,-1.01782,-2.90888,-1.41004,-0.87857,-0.66873,-2.2313,0.75464,0.20524,0.54735,0.08466,-0.44885,0.67477,0.07769,1.09286,-0.20448,-0.25323,0.07292,-0.75441,1.70553,-0.95395,-1.04757,-0.79001,0.53989,1.45761,-0.29042,-1.48012,0.048,-0.52181,0.10816,0.04327,0.66976,0.93754,0.97696,-0.0749,1.24773,0.2419,-1.51616,0.79754,-0.34752,-0.65583,0.39714,-0.92539,-0.58291,-0.15227,0.24159,0.23231,0.49284,-0.53629,-0.76343,-0.49834,-0.93391,-0.33934,-1.85859,-2.12023,-0.01397,-1.85886,-0.49124,1.14643,-0.18934,-1.39607,0.65583,-1.28668,-0.85496,0.61557,-0.17986,0.27174,0.13902,-0.5893,-0.01739,-0.33522,1.86411
0.68259,1.82106,-2.34754,-0.7222,0.919,0.69793,-0.02101,1.68375,-1.40522,0.50004,2.04349,1.39384,1.14832,0.92721,0.24359,0.21986,0.59175,-0.20061,1.46999,1.64883,0.51727,0.97704,1.89517,-0.09799,-0.94417,-0.38565,0.75897,1.35452,-0.14634,0.96407,0.00743,-0.05437,0.4109,0.02547,0.88916,0.35085,0.30514,0.95119,0.68313,1.2132,0.11524,0.46253,2.03732,-0.20184,0.48068,0.1181,0.15151,1.0536,-1.03151,1.95481,2.07019,0.96634,0.5601,0.4981,0.85366,0.50931,1.73744,0.75997,-1.20072,-0.59367,-0.12077,2.17347,1.26462,1.95873,0.78587,2.00105,-0.92234,0.39236,-0.07451,0.42684,2.43956,-0.26586,-1.53654,1.0145,0.88529,1.33804,0.8403,0.63112,1.24246,1.97527,0.93566,0.3067,0.3467,-0.95944,2.52866,-0.93805,0.07733,1.39093,0.14514,0.44651,-0.26673
0.1562,1.61146,-2.75724,-0.38773,-2.2827,-0.85494,-1.50128,0.55898,-1.348,1.03422,1.06178,-0.18696,-1.42194,1.82074,0.66244,-0.11706,0.66927,-0.66854,1.25422,0.60939,0.41415,-0.1414,-0.18777,-0.86062,0.23949,-1.71993,-0.04163,-0.83799,0.07965,1.24426,0.13361,-0.33254,-0.69579,-1.30634,-0.92225,-0.97724,-0.50012,0.6114,-0.34583,-0.61626,0.44728,1.29666,0.69503,1.01471,0.00237,0.13436,0.41667,0.65916,0.02988,2.07331,1.15698,1.06952,-0.51499,-0.53034,1.51273,-1.56689,-0.83409,0.07054,-1.20456,-1.73019,-0.34185,0.66988,2.82056,0.23427,-0.84289,-0.56662,0.02705,-1.22147,0.61254,-0.55199,1.20958,-0.33786,-0.2409,0.82105,3.02257,0.10965,1.54049,1.3379,1.7646,0.40725,-0.3555,-1.4436,-0.70511,-0.33993,-1.65259,-1.84779,0.17737,-0.33406,-0.53806,-0.68802,-1.04602
0.75015,2.52747,0.62888,0.89088,0.06681,0.0027,0.7746,0.58869,0.74738,2.39083,-0.05649,2.81109,1.24169,0.30279,1.54414,0.4306,0.61488,0.21871,0.31477,2.21675,1.06871,0.54741,-0.57308,-0.63377,0.22683,-0.16268,-0.53032,0.09019,-0.83038,0.07417,0.72716,-1.38297,1.62912,0.09889,-0.52091,-0.68524,-2.40153,-1.304,0.5224,-0.5248,0.00778,1.29369,-0.74074,1.03463,0.33808,0.83212,0.52755,-0.25366,2.04483,-1.59084,-0.82249,0.61309,-0.05046,-0.18709,-0.69122,-1.14912,0.79712,-1.05205,0.27263,-0.14082,0.93673,0.8296,-1.75137,-1.52268,-0.29288,-0.46217,0.95493,-1.67578,0.51865,-0.99213,-0.70644,0.06101,-0.3508,1.01759,0.20384,-1.54437,0.10262,0.28481,-0.16113,-0.28761,0.81801,-0.04881,-0.23657,0.75379,0.16868,-0.214,-0.6167,-0.11181,-1.32773,-1.33697,-0.99681
0.22458,-1.9143,-0.65349,-0.4122,-0.03205,0.15629,0.28416,0.55845,2.74832,1.89578,-1.10793,-0.67637,0.36566,1.03171,-0.021,0.27379,-0.41613,-0.91131,0.86094,0.08814,0.46149,-1.00251,-0.2802,-0.03521,-1.03475,-2.06333,-0.47665,-0.77216,-0.85717,0.19152,0.43702,-0.30755,-0.1338,-0.52667,-0.61444,-0.74316,-1.22833,-2.05236,-1.75017,-0.35789,1.60254,-0.11555,-3.33261,0.2135,0.1844,-2.25311,-2.06275,-1.23116,-1.54352,-1.18479,-0.54413,-1.46089,-1.12233,-1.76463,-1.44206,-0.4166,0.90874,-1.50411,-0.64472,1.13197,-1.57,-1.9245,-1.27763,-1.25609,0.99794,-2.10459,-3.23583,0.909,-1.52075,-1.22104,-1.70331,-0.69843,-1.06443,0.02734,-0.33468,-1.42219,-1.02924,-1.82223,0.01632,-1.85,-0.49441,1.18176,0.3956,-0.77426,1.08957,0.97035,-0.95006,0.39246,-2.34622,-1.86129,-1.0255
0.96439,-1.22343,0.63279,-0.74652,-1.64468,0.9827,0.69528,0.23613,0.4158,-1.18921,-0.52888,-2.09206,-1.03408,-0.30801,0.49679,-0.15571,-1.54345,-1.20834,0.47098,-1.56528,-2.05668,0.38675,0.38275,1.40673,-0.77603,1.26913,1.18748,-0.81285,0.47162,0.44567,-0.56445,-0.58844,2.05025,-0.55352,0.73392,-0.81111,0.62691,-0.25233,0.69722,1.48358,0.29612,1.31166,0.72143,-0.9605,0.41037,0.7198,-0.33782,1.66977,0.02128,-0.10011,-1.21933,2.82481,1.35146,0.94702,0.7466,-0.03565,-1.82054,-2.24974,-0.14925,-0.47519,-1.59285,-0.85299,0.77344,0.43886,-0.13626,1.06232,-0.22903,2.80208,-0.73312,-1.07658,-0.33288,0.16565,0.28956,-0.24637,-0.11234,-0.30933,-1.33063,-0.93567,0.08606,0.71845,-1.16109,-0.94812,-0.10342,-0.12961,-0.56669,0.40595,1.47561,0.87457,-1.27208,0.18693,0.72267
-2.79979,-0.30977,0.7203,-0.1707,-0.89953,-0.7663,-1.34585,-0.45929,-1.61814,-0.48695,-1.98055,1.9468,-1.36385,-1.53897,-0.73186,0.23066,-1.28733,0.4818,-1.242,-1.03328,-1.44652,-2.02492,0.01409,0.97164,-1.34343,-2.36723,1.14837,1.20197,-0.17699,-1.34093,-0.4231,-2.83239,0.28027,-0.92291,-0.69154,-0.81155,0.01241,-1.40033,0.74304,-0.68381,-2.11603,-1.1337,-1.36976,0.22305,-0.89003,-1.77877,0.70645,-1.89696,0.34576,-0.34976,0.51693,-1.69918,-0.27789,-3.16974,-2.42731,-0.10655,-1.0228,0.09777,2.3036,-2.1826,0.53769,-0.27421,-2.16816,-1.61862,0.40885,-2.57615,-0.2351,-0.41457,-1.32067,0.50688,-0.08499,-2.83356,-0.15711,-1.14122,-1.22939,-0.16081,-0.10297,0.69717,-0.32737,-0.63767,-0.62236,0.85484,-0.02945,1.14832,0.5892,1.19622,0.57478,0.9519,0.01147,-1.24146,-0.69229
0.3862,-0.08687,0.40116,1.31264,2.01959,0.71475,-0.91187,-0.40949,1.3986,2.11362,-0.95992,-0.2487,0.54374,-1.65405,0.54144,-0.56177,-0.82148,1.1755,0.69121,-0.35699,0.68675,0.40753,1.89786,1.18581,-0.41696,-2.58256,-0.53855,-0.2951,-0.48008,0.50333,1.34554,-0.60869,-0.24282,1.24491,0.15216,-2.10186,-1.76373,-2.07184,-0.91275,0.25755,-0.78394,-0.91021,-0.34716,-2.35578,-0.97786,-1.48893,0.93693,-1.48471,-1.86627,-1.13295,-1.90692,-1.13257,-0.48848,-2.76547,0.8674,-1.5602,0.27225,2.51617,-0.27753,-0.45622,-0.04189,-0.18313,-0.44643,-1.73684,-0.26386,0.12772,-0.56973,-1.934,1.01481,-0.45108,-1.25542,1.08044,1.02435,-0.5108,-0.09639,1.52082,-0.85157,-2.00775,-1.60343,-0.76753,-1.54974,0.59727,0.42755,0.99348,-0.51851,0.28707,-0.77066,0.21701,-0.35933,-2.61365,-1.55223
-1.34335,-2.77446,-3.26549,-1.79034,-0.28791,-2.33597,0.12845,-0.22593,-1.03689,-1.27442,-0.51865,0.92248,-1.26258,0.40951,-0.448,0.37164,0.52163,0.22961,1.06691,0.55549,-0.86306,0.97626,-0.2685,1.40108,2.13331,-1.67306,0.27856,0.79331,-0.40353,-0.62467,-0.49148,-999,-999,-999,-999,-999,-999,-999,-999,-999,-999,-999,-999,-999,-999,-999,-999,-999,-999,-999,-999,-999,-999,-999,-999,-999,-999,-999,-999,-999,-999,1.09292,-1.17097,-1.1578,-0.94055,-1.51316,-0.26453,1.10169,0.3958,-2.03328,-3.33665,-0.80707,0.13297,-0.25866,-0.77365,-2.02077,-0.45682,-0.11167,0.25412,0.9096,0.6295,1.74526,-0.40659,-0.88444,-2.23795,0.2959,-0.87388,0.42094,0.59394,-1.38708,-0.04921
0.80186,0.24461,0.88003,1.69282,0.35011,0.25733,0.08539,0.83551,-1.18856,0.90558,-1.07728,-0.60041,0.11666,0.8799,1.62224,-0.13286,-2.31456,-0.69341,0.06788,-0.14809,0.36273,-0.44765,0.73245,-0.46552,1.83706,-0.43678,1.21635,0.48281,1.17835,-0.87858,-1.07402,1.55135,0.36201,-1.51156,-0.06056,0.97062,-0.33953,2.31182,0.30072,-0.31567,0.93035,0.48446,-1.51847,-0.59212,1.03783,3.94754,0.44825,-0.52581,-0.56618,0.32334,2.45507,-1.86226,-0.80675,1.78606,0.72082,0.14749,0.29128,0.21416,-0.60337,-0.69358,-0.05722,0.56275,0.90032,-0.83572,1.12566,0.91662,0.1281,1.54475,0.88198,0.42129,0.06045,-0.5212,1.46939,1.02512,-1.65891,1.76543,1.56728,0.6596,0.42214,0.47951,0.11698,-1.33124,-0.39007,0.96813,-0.37626,-1.11561,0.39303,-0.32125,-1.93751,-0.48702,-0.5387
1.66007,2.54287,0.35718,0.99201,0.39627,0.86472,0.18623,-1.1893,1.60097,1.30358,0.68218,-0.43283,-0.80653,1.53507,2.05073,1.73731,-1.75372,-0.44785,-0.17789,-0.34146,1.71818,-0.97689,-0.56293,1.47731,-0.00993,-1.06633,1.08719,-1.10164,-0.52658,1.81461,-0.16988,-1.21222,2.11482,0.85333,1.27948,0.0956,0.01076,-0.62132,-0.0972,0.34422,0.069,2.71127,1.33054,0.76631,0.34728,0.55776,-1.44738,-1.61963,0.88724,1.37335,1.97713,-1.41853,-0.69417,-0.12057,0.62801,-0.50516,-1.01567,1.62881,-1.05986,-0.47893,2.02375,1.14701,-0.22068,-0.0855,-0.23962,0.05909,0.65598,0.35722,1.49081,-0.63205,-0.50054,2.57535,-0.92548,1.70952,0.7014,0.68466,-0.30817,0.82509,-0.37971,0.30495,0.43817,-0.04305,-1.10791,-1.67155,0.24649,1.32267,-0.1006,-0.15171,1.11548,0.02527,-1.87377
-0.85957,-1.59396,-0.64151,1.49763,1.09043,0.37785,-2.47902,0.73457,-1.2237,-1.15102,0.30969,1.37533,0.70352,-0.67571,-1.17979,-0.14841,-0.72214,0.8635,-1.89545,0.60753,-0.09965,2.0917,2.00491,1.76838,1.64123,1.48198,-0.61437,-1.76095,-0.78318,-0.63009,0.23205,1.06402,-3.21546,0.22549,-0.31072,-1.49222,-0.24523,-1.16523,-0.07044,-3.3812,-1.9737,-1.6601,-2.11869,-2.42949,-1.21101,-1.35564,-1.67439,-1.85548,-1.40179,-1.47243,-0.14284,2.98054,1.21994,0.15601,-0.85979,0.4684,0.52273,-1.59923,-0.09849,0.34931,0.00939,0.77532,-0.42888,1.95524,-0.57779,1.83099,0.3706,0.00345,-0.81914,2.01259,0.84153,1.23609,1.71668,-0.31448,-0.8724,-0.3676,1.08191,-1.41601,0.04537,-0.87062,-1.47489,0.99823,1.16946,1.15337,-1.24147,-0.09787,-0.73226,-0.45564,1.01596,-0.72438,0.53032
-0.10905,0.20271,0.06836,-1.19747,-1.4784,-0.35297,0.48064,1.21451,0.90429,-0.21724,-0.48,-0.53889,0.65868,0.4293,-0.33012,-0.93824,1.70013,0.02746,-0.06842,-1.04474,0.54662,1.21443,1.22168,0.80229,0.63717,0.14619,1.10404,-0.72796,1.25836,0.26517,-2.3471,-0.7537,-0.54825,0.20433,0.37371,-1.80952,-1.97213,-1.5245,0.39658,0.22022,1.5715,-0.30382,-2.73863,1.16057,1.05567,1.05698,-0.35785,-1.3128,0.65937,0.6292,-0.12865,-0.9835,-0.02044,1.32136,1.68961,-0.74064,-0.109,0.0754,1.40226,0.31142,-0.4205,1.13645,0.14531,0.01346,0.05027,1.16537,0.62989,0.84459,1.60751,-1.76853,1.10641,0.86609,-0.49528,-0.12943,0.57962,1.99469,0.11767,0.68448,0.81954,1.27031,-1.15401,1.28312,-0.31915,-1.81581,0.04504,1.00506,-0.63945,0.45417,0.2233,-0.71583,-0.57194
0.80522,-1.70994,-1.54415,-0.89488,-0.80464,-1.21434,-1.51973,-1.291,-0.58662,-4.33923,1.13611,-1.32956,-1.03721,-1.26551,-0.06887,-2.67759,0.96854,-1.32874,-0.52642,-1.9297,-0.50258,0.36395,0.49906,0.26528,0.10493,-0.15017,1.3067,-1.55148,-0.703,0.37678,-0.81756,0.57783,0.01419,-0.8831,-0.62823,1.41882,-1.70334,-0.2977,0.10951,0.98248,0.75908,0.32214,-0.88758,-0.3315,0.80154,0.99316,-0.29813,-0.60361,0.59205,-2.58539,-0.9152,0.15685,0.94427,0.99707,0.25107,1.55268,-2.50242,-1.89266,0.98012,-0.62891,-0.42693,-0.90132,1.37799,-1.41627,-1.11215,-0.625,-0.65783,-0.11592,-1.15506,-0.10773,1.18022,0.06031,-0.58536,1.01612,-0.27477,0.91405,-0.4939,0.68143,-0.82482,1.63297,-0.85443,-0.52761,-0.78846,-0.76067,-0.8395,1.60409,0.04928,0.07302,-0.76855,1.32052,0.33546
-0.1927,-1.66526,-1.0656,-2.13227,-0.06794,0.38249,0.48707,-2.25759,-0.53352,-0.45528,-0.11318,-0.43004,-1.6873,-2.09191,-0.17319,1.28451,-1.50458,-0.08171,0.43612,0.6377,0.9906,-0.20963,0.4846,-0.06527,0.02596,0.67808,-1.83594,-0.57317,0.39965,-0.51806,-2.17274,-1.63885,-0.60466,1.62789,-1.10468,-3.3445,-1.76261,-1.77149,-1.42604,-0.69897,-0.53783,-2.40314,0.19944,-0.64973,-1.58519,-0.98196,0.18598,-0.45754,-2.76699,-1.36964,-1.41496,0.41563,0.65075,-0.28185,-0.27287,0.41876,-0.82406,0.31203,1.46941,1.53748,2.43929,-1.75907,-0.20954,-2.53514,-0.53564,-1.03529,-0.6485,-1.60578,0.1491,-1.32015,-1.56987,-0.92636,-0.12584,-1.84775,-1.97468,-0.88106,-0.7383,-1.01333,-1.4839,0.54189,-3.06727,0.01204,0.50407,-0.75523,-0.4376,-0.27858,-0.63368,-0.67351,-0.36676,1.98551,-0.83417
-0.518,1.36787,-0.09963,-0.60729,-1.45585,-0.54508,-1.30775,0.81063,0.80647,0.13747,-0.55339,-2.06498,1.39328,-0.75915,-0.07736,1.51267,-0.47266,0.43226,-0.75222,-1.85911,-0.04677,-1.3028,0.91827,-0.32212,0.74106,-0.75644,0.1684,0.00043,1.19511,-0.42934,0.79355,-0.18136,1.59764,0.4197,0.81392,1.78574,0.23714,-0.06693,-0.34429,0.23228,-1.13228,0.13365,-1.02373,1.49207,-0.35886,-1.70104,0.7854,1.24584,0.23354,-0.24076,0.3638,-0.88562,1.81752,-0.01595,-0.77404,1.11801,-0.00994,-0.00031,-0.32491,0.75444,-0.72111,1.14381,0.38274,1.86411,-1.74983,-1.05895,0.68585,-0.73496,1.62469,-0.44551,0.2167,-1.31232,0.92642,-0.16894,-1.03765,-0.51483,0.79061,0.58662,0.989,0.40969,0.79707,-2.28757,-0.06616,-1.45626,-1.22467,-2.0086,-0.19503,-0.75323,-0.82825,0.55474,1.56807
-1.52481,1.33445,-0.86768,-1.65552,-1.58108,-1.22661,-0.84141,-0.15094,-0.14373,-1.14371,-0.30989,-0.64205,-2.48395,0.06736,-0.94421,-1.34735,-2.83746,-0.33527,0.19226,0.2478,-0.67533,0.82406,-0.04114,1.16312,0.89031,1.47506,0.30629,0.18022,1.20146,-1.37154,-0.52138,-1.3335,0.20451,0.40423,-0.33203,-0.23811,-0.31049,-0.78575,0.29353,-1.40098,-1.77111,-1.41439,1.87445,-0.0507,-0.99293,-0.03311,0.05045,-1.98442,-0.82156,-1.60313,1.27365,1.505,1.71296,0.21814,-0.01762,-0.46028,-0.18195,1.93835,1.33956,0.62404,-1.13477,-1.76358,-0.04341,-2.14015,-1.51636,0.8381,-1.15596,0.13904,0.90138,0.58226,-0.86156,-0.00191,0.20647,-1.55419,0.83996,-1.42208,0.3262,0.23846,1.17149,-1.06681,0.14166,1.04022,0.74363,-1.50952,0.87416,2.35562,-1.14549,-0.95039,0.98832,0.52855,1.47175
-1.55969,-1.35502,0.73615,-1.89801,-0.60335,-2.01329,-1.30084,-1.13797,-1.77536,-2.48153,-1.59957,-1.6884,-1.21456,-1.48012,-1.64797,-1.9072,-1.95702,-1.31023,-1.42019,-2.22894,-1.77239,-0.36341,1.47104,-1.25594,-0.00145,2.48744,0.27467,1.58169,0.61611,-1.9222,-0.82261,0.27955,-0.29775,-1.20101,-2.79774,-0.84747,-0.65575,-1.84192,-0.21708,0.0756,-0.45225,-1.04084,-1.31714,-0.61632,-0.56583,-0.70066,-1.02572,-0.88605,-1.54529,-2.47757,-1.02429,0.71205,0.09045,-1.86567,-1.18635,-0.68578,-1.09946,0.51116,-0.22244,0.83167,0.53527,-0.72685,-0.01166,-2.76581,-1.37017,-1.1513,-0.7426,-0.91203,-0.55484,-0.95442,0.40416,-2.09423,-0.85756,0.03522,-0.4128,-0.38724,-1.25438,-1.23122,-2.2496,-2.47426,-0.62601,-1.16562,-1.57183,0.54147,-0.38246,-0.31498,1.28175,-0.03249,1.76917,0.52628,-0.29862
0.35398,-0.00027,-1.25543,-0.73702,-0.38336,-0.57044,0.64512,-1.70417,0.29913,-1.60352,-1.656,-0.56235,-0.94798,-2.28886,-0.66515,-1.58272,0.61263,1.23247,-1.9104,-0.02348,-0.18276,0.0091,-2.01294,-0.66602,-0.39985,-0.08948,0.95378,0.41017,0.67318,0.52531,-0.661,1.58143,-0.273,-0.51549,0.09341,-1.99481,1.35848,2.6466,-0.92974,1.5268,1.54732,0.32466,-0.4028,1.61111,-1.09474,0.06475,1.05536,-0.76733,-1.42623,0.99966,-0.53207,-0.19806,-1.72401,1.05715,0.52414,-0.17206,0.23175,-0.31046,0.24935,-0.99076,-2.29828,0.46234,0.18191,-0.0847,-0.49216,-0.20598,1.0094,-0.19706,-0.7219,-0.8494,0.22132,-2.03109,-1.6102,-1.56342,-0.91551,-0.8094,-1.32751,0.20911,-0.2159,-0.5052,0.34277,-1.52489,-0.80536,-0.43144,-0.10121,-1.54424,-1.09773,0.79888,0.14065,-0.92262,-0.91926
-0.73696,-0.71174,1.92706,0.19505,1.53514,0.01663,-0.61093,1.46472,-0.18943,-1.15539,-0.15869,1.41525,-0.45351,0.87349,0.54798,-0.42438,1.62866,-1.35996,-0.31098,0.03707,1.41762,-0.85387,0.03297,-0.57164,-0.92749,-2.02831,2.71661,-0.04771,-0.65378,0.31809,2.76743,-0.625,0.6979,-1.50954,2.12206,-1.19759,0.81613,-0.50847,-1.2181,-0.61312,0.97162,1.25319,-0.58076,1.59226,-0.33935,-1.06403,-0.67395,-0.54355,-0.44501,-0.60172,-0.32195,0.00772,-0.89234,-1.74645,-1.83728,-1.49592,1.8306,1.99851,-0.69982,-0.5008,-0.87167,-2.48913,0.35631,-0.73854,-1.515,0.87829,-0.26201,-0.5493,-1.83588,-0.64232,-0.39391,-1.06563,-1.16863,0.93713,-1.17336,0.82638,-0.75175,1.73194,-1.1338,-2.90421,0.28922,0.59963,1.49783,-1.52597,0.62187,-0.76029,-0.57186,-0.83983,-0.13778,-1.38544,-0.1934
-1.63755,1.06331,1.99197,1.44224,-0.31659,0.84479,1.0417,-0.22723,1.17416,-1.32225,-0.48474,1.16009,0.42434,1.16104,-0.05569,0.8322,0.72396,1.55441,0.31635,-0.56362,-1.57868,1.52848,-0.8109,0.43504,-0.82227,1.41013,-0.95121,-0.01301,-0.50138,1.11049,0.01669,2.01055,-1.39824,1.42914,1.14815,0.07429,1.21062,0.1382,0.93093,0.79289,1.84736,1.21272,-0.34137,-0.17396,0.09254,0.94467,-0.51679,-1.55446,0.08645,0.12822,-0.07607,-1.54091,0.87742,0.70646,-0.81379,1.51896,-0.18694,-0.8729,-0.72658,-0.38652,1.91943,0.39452,1.55513,-0.17283,-0.01701,0.51345,1.24244,0.02425,1.79745,1.00569,-0.95713,1.72763,-0.33556,-0.60405,-0.98271,0.57768,-1.27624,1.28411,1.9296,-0.548,0.36624,-2.03313,1.19078,0.49377,0.60214,0.04946,0.91302,0.89092,2.66579,0.52191,-1.69558
-1.87807,-0.15183,-0.42468,-0.83006,0.16531,-0.3546,0.46201,-1.32899,0.75215,-0.44182,-0.59454,-0.15001,-0.06115,-1.44403,-0.357,1.68683,-0.17746,-0.22,-1.1092,-0.61564,-0.81996,1.78457,-0.46848,0.37592,-0.79943,-0.41047,-1.1642,0.57275,-0.31276,-0.8197,-0.99231,-0.55896,-0.68035,-0.36004,1.26778,0.20767,0.38214,-2.02139,0.15913,0.76117,-1.81211,0.34715,1.503,-1.49386,-0.85426,0.83731,1.1745,0.33611,0.99242,0.23778,0.07397,-1.44848,-0.13136,0.38255,-1.63974,1.45416,1.88217,0.94915,-1.26658,-0.75442,-0.3824,-0.27395,-0.12644,0.82771,-0.23168,-0.15357,0.28542,-1.61921,-0.23243,-1.15903,-0.26254,-0.18414,-0.08227,-1.16866,0.80342,-1.30082,-1.11337,0.15713,-0.72361,-0.73939,-0.86771,-1.21465,-1.21958,-1.59958,-0.9034,-0.88259,-0.3773,0.82192,-1.38164,-0.79053,-1.24226
-0.53463,1.09852,-0.32099,-1.42194,-0.93337,0.08496,-0.97252,-0.50757,0.74763,0.06519,-1.6385,0.44422,-0.06584,-1.43928,-0.45273,-1.97932,0.15628,-0.46231,-0.77118,0.26961,-0.32851,1.24268,1.46418,0.82573,1.24291,2.90268,0.46822,-0.70227,-0.87035,-0.7518,-0.57424,-999,-999,-999,-999,-999,-999,-999,-999,-999,-999,-999,-999,-999,-999,-999,-999,-999,-999,-999,-999,-999,-999,-999,-999,-999,-999,-999,-999,-999,-999,0.82353,1.01469,-1.86162,0.84094,-0.46779,-0.27501,0.7805,-0.7842,-0.5786,-0.08568,-1.16214,1.2899,-0.0853,-0.31808,0.33506,0.28775,0.43175,0.42517,-0.11547,1.03805,-0.66958,-0.87668,1.12247,1.02009,-1.77999,-1.46621,0.23207,0.10397,1.42475,-0.30133
0.82541,-0.76652,0.1357,-1.00207,-0.18306,0.44066,-0.40137,-1.33989,-1.49476,-0.39484,1.1028,-0.49212,-0.13904,-0.47181,1.75338,-0.22153,-0.25431,-1.54042,-0.83429,0.91194,-1.05187,1.55096,-1.97114,-0.4415,0.0976,-1.24622,0.62455,0.35976,1.47779,1.26497,-0.26244,-999,-999,-999,-999,-999,-999,-999,-999,-999,-999,-999,-999,-999,-999,-999,-999,-999,-999,-999,-999,-999,-999,-999,-999,-999,-999,-999,-999,-999,-999,0.44905,1.01097,-1.16099,-0.81823,1.8956,-0.30997,0.21279,1.22477,0.29096,0.89361,-1.7888,-3.03704,-0.80479,1.79363,0.06637,1.15701,-0.97437,0.74599,1.66637,0.36799,1.49428,-0.05707,0.93908,-0.0752,0.21898,-1.2226,-0.46964,1.38112,1.83718,1.95049
0.49046,0.47433,2.30156,1.14878,0.57611,1.56763,1.27543,0.64825,2.08154,0.96476,1.30477,-0.3153,0.82089,-0.0107,0.55299,0.49436,0.57528,2.01515,0.37191,0.54903,2.01614,-1.45884,0.15747,-0.22735,0.35844,-0.47104,0.08906,0.70309,-0.23779,-0.18482,1.24275,-0.32206,0.85566,-0.93199,0.73035,1.18792,0.3723,0.37523,-1.35336,3.79624,0.84192,1.04816,1.16493,0.85204,-0.53431,-0.36047,1.36344,0.96059,1.16584,2.72489,-1.32829,0.42754,1.76621,-0.23013,1.06899,0.78833,-1.39851,-0.55139,0.48301,-0.26053,-0.4646,0.92638,-1.10218,1.00892,-1.43742,-0.13576,-2.31243,-1.61483,0.25759,0.37037,-0.39452,1.74071,-1.10084,-0.07641,0.38714,-0.21107,0.78697,0.98601,-0.90549,1.16237,0.8488,1.68211,-0.99248,-1.77098,-0.20017,-2.5609,0.53854,-1.46628,-1.15126,-0.42548,1.53854
-2.13069,-3.44745,-1.38975,-4.91255,-2.40362,-2.90755,-1.59903,-3.12123,-1.64714,0.17027,-2.29341,-2.39874,-1.03818,-2.25637,-3.1168,-0.29905,-2.37534,-0.97298,-2.81569,-0.64337,-2.99022,-0.94139,2.27776,-0.04596,0.74301,-1.54007,0.23043,-0.62181,-0.13132,-1.11836,-0.01625,-0.95711,-0.29888,-0.67795,-1.89006,-1.90268,-1.4812,-2.09415,0.78974,-1.24179,-2.78871,0.31637,-1.51952,0.31465,-1.93189,-1.30156,-0.91668,-0.94202,-2.35436,-0.35442,-0.30018,0.04242,0.88945,-0.24652,0.39552,0.45878,0.41774,0.77907,-0.76858,-0.7992,-1.75415,0.11924,-2.26111,-0.29681,-0.35657,-2.7001,-1.13949,-0.2751,0.20283,-0.59583,-1.69164,-1.1343,-2.5099,-1.66315,-0.99708,-1.37776,-3.4656,-2.47009,-1.17426,-2.06933,-0.03671,0.35969,1.32002,0.39019,-2.22641,0.17065,-1.30521,-0.3557,-0.08306,0.0739,-2.11087
0.04941,-0.46562,-0.97059,-0.19129,0.80987,2.08048,0.13752,-0.23822,-0.13497,0.25681,-1.52647,-0.40204,2.23616,1.11457,-0.74158,0.63659,-0.31677,-1.23913,0.29595,0.42776,0.39226,0.25243,-0.66878,0.0462,0.52769,0.46258,-0.38823,0.68596,-0.09236,0.25341,1.01557,1.63146,-0.67067,1.40859,-0.82597,-1.42556,0.84054,1.46013,0.66859,-0.08332,0.45455,-0.9275,-1.12641,0.62046,-0.03138,0.67074,1.44284,1.19798,0.00136,-0.34398,-0.37708,-0.4955,-0.56284,0.78615,-0.07673,1.6688,0.62001,-1.78668,-0.70759,0.87105,-1.35508,0.44654,-0.66093,-0.08166,0.72493,-0.5895,-0.18086,0.9079,0.59236,-0.30931,-0.21315,1.97335,0.93157,-0.49363,-0.63562,0.17595,-0.49937,0.51226,-2.20106,0.10288,0.30374,-0.11528,-0.41061,-0.90898,-0.73109,-0.29711,-0.40393,0.19886,-0.18234,0.60924,-0.12325
1.8512,0.40384,-1.18991,-0.9343,0.26386,1.60605,-0.28188,-0.66474,0.79609,-0.03808,0.62764,0.49961,0.11701,0.7937,0.48572,0.4566,-0.54649,-0.24697,0.8174,-0.29478,0.47307,0.8072,0.04505,-0.72033,1.26905,-1.26489,-1.3206,0.12731,0.05027,-0.27998,1.00024,0.67346,0.71843,1.42393,0.10856,0.06377,1.48426,0.58838,0.40861,-0.4098,2.01276,-1.21054,0.14845,2.03454,0.88343,-1.17901,1.92808,0.32891,-0.02562,-0.38551,-0.04985,-0.28789,0.18166,0.67582,1.9253,-0.05457,-1.71976,-0.02046,0.82407,-0.08191,1.81447,0.81806,0.70902,-0.58353,0.44625,2.24656,1.90556,1.80409,0.34134,0.65011,0.67676,0.127,-0.78861,-0.87163,0.91259,0.51032,0.5716,1.21984,1.60022,1.90654,0.03621,-1.41306,-0.15775,-0.49992,0.04472,-0.39106,1.56857,0.97888,0.34618,1.79516,-0.04933
3.62274,0.37304,1.30437,0.06494,0.81772,0.21682,0.95269,1.25972,1.53721,1.40216,1.35886,0.97557,1.78009,1.56524,1.50636,1.43012,-0.80557,0.66429,0.43618,0.51674,0.5864,-0.72314,0.06639,-1.13828,-0.24479,-0.0536,-0.14631,0.829,1.10494,1.01975,-1.04676,-0.37797,-1.93312,0.09203,-0.25014,0.80672,0.58715,0.15634,1.51592,1.70205,-0.81125,1.82552,0.58992,-0.6757,0.07228,1.63391,2.33299,0.03804,-0.64449,1.66927,0.44706,-0.4395,-1.25699,-0.5077,-1.71802,-2.8702,1.05974,0.85336,-0.18656,-0.31521,-0.25633,2.31926,-0.64818,0.07812,1.83792,0.35594,0.62141,2.22115,0.07481,-0.2088,-0.01409,-1.71985,0.37832,1.88599,0.22068,-0.10415,-0.16096,0.89291,-1.07793,-0.36167,-0.25621,0.17846,-0.91965,0.30839,1.11881,-0.82406,-0.0013,-0.13196,0.58821,0.26145,1.18046
-0.235,1.95872,1.76249,-0.52396,-2.91255,-1.1923,-1.16126,-1.51463,-1.42232,-1.69687,-2.36257,-0.0202,-0.97307,-2.02225,-0.19833,-1.10505,-1.1455,-1.59653,-3.77126,-1.62608,-1.51356,0.40592,1.13545,0.07286,1.05795,1.46201,1.23053,-1.62493,0.20515,-0.28754,-2.18393,0.18409,-0.82566,-0.41983,-0.83597,-1.55222,-1.02707,-2.24635,0.16608,-0.40802,-0.60186,-1.75964,-0.78979,0.42543,-2.1028,0.99515,-1.04011,-0.0625,-2.38471,-0.01371,-1.60937,1.02236,1.62787,0.52354,1.32302,1.03117,-0.50171,-1.95507,0.4294,-0.78496,0.11022,-0.31813,-1.77037,-0.50664,0.81828,-0.81368,-2.09451,-0.5099,0.20387,0.27971,0.96116,0.16723,-0.77245,-0.46912,0.4511,0.05777,0.49364,1.14686,0.82435,-0.77672,1.69175,-0.33211,-2.17756,0.02304,-0.57965,-0.85074,0.17553,-0.80219,-0.20065,-0.2756,-2.05926
-1.12144,-0.48375,0.84293,-0.36323,0.03243,-0.09289,3.0833,0.72898,0.07305,1.34683,0.17253,0.27081,0.88209,0.86044,1.84562,0.31774,0.92766,0.10418,1.53347,1.22241,0.59197,-1.07167,-1.77449,-0.84722,0.24316,-0.81893,-0.42833,0.15793,0.07826,0.12992,1.17224,1.28298,0.16557,-0.29916,1.53303,1.82937,0.84102,1.13227,-0.40858,2.53333,-1.52344,-0.52908,-0.81239,0.88301,-0.85445,1.64706,-1.16552,2.22015,0.69795,1.10134,2.34237,-2.86364,1.03857,-0.9764,-1.73827,0.29821,1.16065,1.39403,0.60703,2.13573,1.44235,0.84857,-0.58822,2.52559,-0.12644,0.1802,0.80403,0.37115,-1.17595,-0.8095,0.27101,-1.41541,0.00042,0.17436,0.52038,-0.25822,-0.93289,1.63385,0.0343,0.11466,1.24218,0.9189,-0.8113,1.02624,0.0959,-0.94429,-0.80082,0.86545,0.94095,-0.89994,0.04138
-1.28704,0.52746,0.66864,1.04842,-0.42109,-1.0028,-1.43786,1.04002,-0.84929,-1.35662,0.0346,-0.40395,1.33378,-0.47052,-1.22267,-2.57881,-0.40662,-1.72795,0.01138,-1.96405,-0.56326,-1.62679,-2.28687,1.00332,-1.89314,-0.17053,-0.14861,0.15719,1.04527,0.01836,-0.04285,-1.47365,-1.71552,-0.93929,-1.74589,-2.15724,-1.10845,-1.29851,-2.2415,0.07284,-2.2295,0.06985,-1.72861,-0.64931,-1.40585,-1.13865,0.51101,-1.82874,-1.08123,-0.75549,-3.10411,-0.05015,-0.30768,0.26242,-0.40873,-0.6764,-0.65117,0.59265,0.45538,-1.33421,-0.41204,1.09956,-0.82363,0.47897,0.58906,-3.13074,-1.41478,-2.55342,0.44781,-0.66401,-2.76776,-2.01359,0.50421,-0.94614,-0.08246,-1.56419,-1.33367,-1.69497,-0.78254,-1.01589,-0.84685,0.3539,0.71272,1.00282,-0.65351,-2.17131,-0.63002,-0.6762,0.51803,-0.61907,-0.80789
